{
    "total": [
        {
            "id": "100068009795358",
            "count": 205
        },
        {
            "id": "100069864945865",
            "count": 655
        },
        {
            "id": "100082329843728",
            "count": 3
        },
        {
            "id": "100085073240621",
            "count": 135
        },
        {
            "id": "61558630156400",
            "count": 0
        },
        {
            "id": "61554118325543",
            "count": 0
        },
        {
            "id": "61554838161306",
            "count": 0
        },
        {
            "id": "61559049601341",
            "count": 0
        },
        {
            "id": "100079027159606",
            "count": 6
        },
        {
            "id": "100044751316259",
            "count": 0
        },
        {
            "id": "100081308743272",
            "count": 31
        },
        {
            "id": "100070380617746",
            "count": 3
        },
        {
            "id": "100041105450808",
            "count": 57
        },
        {
            "id": "61560411854773",
            "count": 0
        },
        {
            "id": "100076253363261",
            "count": 0
        },
        {
            "id": "61552495317063",
            "count": 0
        },
        {
            "id": "100090859886743",
            "count": 3
        },
        {
            "id": "100088278919391",
            "count": 0
        },
        {
            "id": "100018088576695",
            "count": 0
        },
        {
            "id": "100082809943982",
            "count": 7
        },
        {
            "id": "61553894292585",
            "count": 0
        },
        {
            "id": "61551306389650",
            "count": 0
        },
        {
            "id": "100094066556091",
            "count": 0
        },
        {
            "id": "61559946601454",
            "count": 1
        },
        {
            "id": "589579718",
            "count": 0
        },
        {
            "id": "61551123990395",
            "count": 102
        },
        {
            "id": "100089033040313",
            "count": 45
        },
        {
            "id": "61561242374354",
            "count": 5
        },
        {
            "id": "100077026869574",
            "count": 0
        },
        {
            "id": "61556331459073",
            "count": 1
        },
        {
            "id": "61553638626966",
            "count": 0
        },
        {
            "id": "100087659527478",
            "count": 328
        },
        {
            "id": "100004752336149",
            "count": 165
        },
        {
            "id": "100094648899639",
            "count": 0
        },
        {
            "id": "100066544365480",
            "count": 11
        }
    ],
    "week": [
        {
            "id": "100068009795358",
            "count": 32,
            "name": "Hoàng Duy Tân"
        },
        {
            "id": "100069864945865",
            "count": 110,
            "name": "Đặng Văn Lịnh"
        },
        {
            "id": "100082329843728",
            "count": 3,
            "name": "Lê Thị Như Ý"
        },
        {
            "id": "100085073240621",
            "count": 4,
            "name": "Dang Gia Khanh"
        },
        {
            "id": "61558630156400",
            "count": 0,
            "name": "Lorex Ai"
        },
        {
            "id": "61554118325543",
            "count": 0,
            "name": "Nguyễn Trung Huy"
        },
        {
            "id": "61554838161306",
            "count": 0,
            "name": "NgThanh Thuý Hiền"
        },
        {
            "id": "61559049601341",
            "count": 0,
            "name": "Anh Lan"
        },
        {
            "id": "100079027159606",
            "count": 6,
            "name": "Nguyễn Trung"
        },
        {
            "id": "100044751316259",
            "count": 0,
            "name": "Dương Gia Bảo"
        },
        {
            "id": "100081308743272",
            "count": 0,
            "name": "Bill Clinton ✔"
        },
        {
            "id": "100070380617746",
            "count": 0,
            "name": "Nguyễn Ng Thanh Sang"
        },
        {
            "id": "100041105450808",
            "count": 2,
            "name": "MaiLinh Ng"
        },
        {
            "id": "61560411854773",
            "count": 0,
            "name": "Bông Nguyễn"
        },
        {
            "id": "100076253363261",
            "count": 0,
            "name": "Người dùng facebook"
        },
        {
            "id": "61552495317063",
            "count": 0,
            "name": "Người dùng facebook"
        },
        {
            "id": "100090859886743",
            "count": 0,
            "name": "Cn Mel Ki Te"
        },
        {
            "id": "100088278919391",
            "count": 0,
            "name": "Phương Thuỳ"
        },
        {
            "id": "100018088576695",
            "count": 0,
            "name": "Nguyen Thanh Loc"
        },
        {
            "id": "100082809943982",
            "count": 0,
            "name": "Tiến Dũng"
        },
        {
            "id": "61553894292585",
            "count": 0,
            "name": "Ng Phuong Anh"
        },
        {
            "id": "61551306389650",
            "count": 0,
            "name": "Người dùng facebook"
        },
        {
            "id": "100094066556091",
            "count": 0,
            "name": "Bảo Nhi"
        },
        {
            "id": "61559946601454",
            "count": 1,
            "name": "Công Phạm"
        },
        {
            "id": "589579718",
            "count": 0,
            "name": "Duyy Tann"
        },
        {
            "id": "61551123990395",
            "count": 0,
            "name": "Quốc Khánh"
        },
        {
            "id": "100089033040313",
            "count": 8,
            "name": "Nguyễn Đức Toàn"
        },
        {
            "id": "61561242374354",
            "count": 1,
            "name": "ᶻz︒　ィ meo　٭　ˎˊ"
        },
        {
            "id": "100077026869574",
            "count": 0,
            "name": "Người dùng facebook"
        },
        {
            "id": "61556331459073",
            "count": 1,
            "name": "Nguyễn Thành Phúc"
        },
        {
            "id": "61553638626966",
            "count": 0,
            "name": "Sun Moon"
        },
        {
            "id": "100087659527478",
            "count": 6,
            "name": "Trần Xuân Bách"
        },
        {
            "id": "100004752336149",
            "count": 117,
            "name": "Dang Gia Khanh"
        },
        {
            "id": "100094648899639",
            "count": 0,
            "name": "✨✨✨✨✨✨✨✨✨ 🌙🌙🕋🕋✨🕋🕋🌙🌙 🌙🕋🕌🕌🕋🕌🕌🕋🌙 🕋🕌✨✨👱‍♀️✨✨🕌🕋 🕋🕌❦⭐🄱🄰🄾⭐❦🕌🕋 🕋🕌❦⭐🄳🅄🅈⭐❦🕌🕋 ⚜️🕋🕌✨👱✨🕌🕋⚜️ ⚜️⚜️🕋🕌✨🕌🕋⚜️⚜️ ⚜️⚜️⚜️🕋🕌🕋⚜️⚜️⚜️ ✨✨✨✨✨✨✨✨✨ۦۦ"
        },
        {
            "id": "100066544365480",
            "count": 11,
            "name": "Lê Như Ýy"
        }
    ],
    "day": [
        {
            "id": "100068009795358",
            "count": 188,
            "name": "Hoàng Duy Tân"
        },
        {
            "id": "100069864945865",
            "count": 481,
            "name": "Đặng Văn Lịnh"
        },
        {
            "id": "100082329843728",
            "count": 3,
            "name": "Lê Thị Như Ý"
        },
        {
            "id": "100085073240621",
            "count": 94,
            "name": "Dang Gia Khanh"
        },
        {
            "id": "61558630156400",
            "count": 0,
            "name": "Lorex Ai"
        },
        {
            "id": "61554118325543",
            "count": 0,
            "name": "Nguyễn Trung Huy"
        },
        {
            "id": "61554838161306",
            "count": 0,
            "name": "NgThanh Thuý Hiền"
        },
        {
            "id": "61559049601341",
            "count": 0,
            "name": "Anh Lan"
        },
        {
            "id": "100079027159606",
            "count": 6,
            "name": "Nguyễn Trung"
        },
        {
            "id": "100044751316259",
            "count": 0,
            "name": "Dương Gia Bảo"
        },
        {
            "id": "100081308743272",
            "count": 8,
            "name": "Bill Clinton ✔"
        },
        {
            "id": "100070380617746",
            "count": 3,
            "name": "Nguyễn Ng Thanh Sang"
        },
        {
            "id": "100041105450808",
            "count": 56,
            "name": "MaiLinh Ng"
        },
        {
            "id": "61560411854773",
            "count": 0,
            "name": "Bông Nguyễn"
        },
        {
            "id": "100076253363261",
            "count": 0,
            "name": "Minhh Hùngg"
        },
        {
            "id": "61552495317063",
            "count": 0,
            "name": "Người dùng facebook"
        },
        {
            "id": "100090859886743",
            "count": 0,
            "name": "Cn Mel Ki Te"
        },
        {
            "id": "100088278919391",
            "count": 0,
            "name": "Phương Thuỳ"
        },
        {
            "id": "100018088576695",
            "count": 0,
            "name": "Nguyen Thanh Loc"
        },
        {
            "id": "100082809943982",
            "count": 4,
            "name": "Tiến Dũng"
        },
        {
            "id": "61553894292585",
            "count": 0,
            "name": "Ng Phuong Anh"
        },
        {
            "id": "61551306389650",
            "count": 0,
            "name": "Người dùng facebook"
        },
        {
            "id": "100094066556091",
            "count": 0,
            "name": "Bảo Nhi"
        },
        {
            "id": "61559946601454",
            "count": 1,
            "name": "Công Phạm"
        },
        {
            "id": "589579718",
            "count": 0,
            "name": "Duyy Tann"
        },
        {
            "id": "61551123990395",
            "count": 41,
            "name": "Quốc Khánh"
        },
        {
            "id": "100089033040313",
            "count": 14,
            "name": "Nguyễn Đức Toàn"
        },
        {
            "id": "61561242374354",
            "count": 4,
            "name": "ᶻz︒　ィ meo　٭　ˎˊ"
        },
        {
            "id": "100077026869574",
            "count": 0,
            "name": "المشـٌٰـہـ٘ور بچـــًًٰئ باز  چــــّْ͢ـــــــ͜ـؔر ســـــــّْ͢ـــؔی  انســـّٗائئـــًَڈ"
        },
        {
            "id": "61556331459073",
            "count": 1,
            "name": "Nguyễn Thành Phúc"
        },
        {
            "id": "61553638626966",
            "count": 0,
            "name": "Sun Moon"
        },
        {
            "id": "100087659527478",
            "count": 170,
            "name": "Trần Xuân Bách"
        },
        {
            "id": "100004752336149",
            "count": 163,
            "name": "Dang Gia Khanh"
        },
        {
            "id": "100094648899639",
            "count": 0,
            "name": "✨✨✨✨✨✨✨✨✨ 🌙🌙🕋🕋✨🕋🕋🌙🌙 🌙🕋🕌🕌🕋🕌🕌🕋🌙 🕋🕌✨✨👱‍♀️✨✨🕌🕋 🕋🕌❦⭐🄱🄰🄾⭐❦🕌🕋 🕋🕌❦⭐🄳🅄🅈⭐❦🕌🕋 ⚜️🕋🕌✨👱✨🕌🕋⚜️ ⚜️⚜️🕋🕌✨🕌🕋⚜️⚜️ ⚜️⚜️⚜️🕋🕌🕋⚜️⚜️⚜️ ✨✨✨✨✨✨✨✨✨ۦۦ"
        },
        {
            "id": "100066544365480",
            "count": 11
        }
    ],
    "time": 1,
    "last": {
        "time": 6,
        "day": [
            {
                "id": "100068009795358",
                "count": 0
            },
            {
                "id": "100069864945865",
                "count": 0
            },
            {
                "id": "100082329843728",
                "count": 0
            },
            {
                "id": "100066544365480",
                "count": 0
            },
            {
                "id": "100085073240621",
                "count": 0
            },
            {
                "id": "61558630156400",
                "count": 0
            },
            {
                "id": "61554118325543",
                "count": 0
            },
            {
                "id": "61554838161306",
                "count": 0
            },
            {
                "id": "61559049601341",
                "count": 0
            },
            {
                "id": "100079027159606",
                "count": 0
            },
            {
                "id": "100044751316259",
                "count": 0
            },
            {
                "id": "100081308743272",
                "count": 0
            },
            {
                "id": "100070380617746",
                "count": 0
            },
            {
                "id": "100041105450808",
                "count": 0
            },
            {
                "id": "61560411854773",
                "count": 0
            },
            {
                "id": "100076253363261",
                "count": 0
            },
            {
                "id": "61552495317063",
                "count": 0
            },
            {
                "id": "100090859886743",
                "count": 0
            },
            {
                "id": "100088278919391",
                "count": 0
            },
            {
                "id": "100018088576695",
                "count": 0
            },
            {
                "id": "100082809943982",
                "count": 0
            },
            {
                "id": "61553894292585",
                "count": 0
            },
            {
                "id": "61551306389650",
                "count": 0
            },
            {
                "id": "100094066556091",
                "count": 0
            },
            {
                "id": "61559946601454",
                "count": 0
            },
            {
                "id": "589579718",
                "count": 0
            },
            {
                "id": "61551123990395",
                "count": 0
            },
            {
                "id": "100089033040313",
                "count": 0
            },
            {
                "id": "61561242374354",
                "count": 0
            },
            {
                "id": "100077026869574",
                "count": 0
            },
            {
                "id": "61556331459073",
                "count": 0
            },
            {
                "id": "61553638626966",
                "count": 0
            },
            {
                "id": "100087659527478",
                "count": 0
            },
            {
                "id": "100004752336149",
                "count": 0
            },
            {
                "id": "100094648899639",
                "count": 0
            }
        ],
        "week": [
            {
                "id": "100068009795358",
                "count": 0
            },
            {
                "id": "100069864945865",
                "count": 0
            },
            {
                "id": "100082329843728",
                "count": 0
            },
            {
                "id": "100066544365480",
                "count": 0
            },
            {
                "id": "100085073240621",
                "count": 0
            },
            {
                "id": "61558630156400",
                "count": 0
            },
            {
                "id": "61554118325543",
                "count": 0
            },
            {
                "id": "61554838161306",
                "count": 0
            },
            {
                "id": "61559049601341",
                "count": 0
            },
            {
                "id": "100079027159606",
                "count": 0
            },
            {
                "id": "100044751316259",
                "count": 0
            },
            {
                "id": "100081308743272",
                "count": 0
            },
            {
                "id": "100070380617746",
                "count": 0
            },
            {
                "id": "100041105450808",
                "count": 0
            },
            {
                "id": "61560411854773",
                "count": 0
            },
            {
                "id": "100076253363261",
                "count": 0
            },
            {
                "id": "61552495317063",
                "count": 0
            },
            {
                "id": "100090859886743",
                "count": 0
            },
            {
                "id": "100088278919391",
                "count": 0
            },
            {
                "id": "100018088576695",
                "count": 0
            },
            {
                "id": "100082809943982",
                "count": 0
            },
            {
                "id": "61553894292585",
                "count": 0
            },
            {
                "id": "61551306389650",
                "count": 0
            },
            {
                "id": "100094066556091",
                "count": 0
            },
            {
                "id": "61559946601454",
                "count": 0
            },
            {
                "id": "589579718",
                "count": 0
            },
            {
                "id": "61551123990395",
                "count": 0
            },
            {
                "id": "100089033040313",
                "count": 0
            },
            {
                "id": "61561242374354",
                "count": 0
            },
            {
                "id": "100077026869574",
                "count": 0
            },
            {
                "id": "61556331459073",
                "count": 0
            },
            {
                "id": "61553638626966",
                "count": 0
            },
            {
                "id": "100087659527478",
                "count": 0
            },
            {
                "id": "100004752336149",
                "count": 0
            },
            {
                "id": "100094648899639",
                "count": 0
            }
        ]
    },
    "100087659527478": 315,
    "100069864945865": 627,
    "100066544365480": 135,
    "100082809943982": 7,
    "100068009795358": 199,
    "100081308743272": 45,
    "100094648899639": 30,
    "100089033040313": 44,
    "61551123990395": 103,
    "100090859886743": 3,
    "100085073240621": 133,
    "100004752336149": 171,
    "61561242374354": 5,
    "100041105450808": 58,
    "100070380617746": 3,
    "61559946601454": 1,
    "100082329843728": 3,
    "61556331459073": 1,
    "100079027159606": 6
}