{
    "total": [
        {
            "id": "61552043324604",
            "count": 0
        },
        {
            "id": "61557619646920",
            "count": 0
        },
        {
            "id": "100056385116028",
            "count": 0
        },
        {
            "id": "100090982762429",
            "count": 0
        },
        {
            "id": "100013186963793",
            "count": 0
        },
        {
            "id": "100055217203470",
            "count": 0
        },
        {
            "id": "100002110191281",
            "count": 6
        },
        {
            "id": "61550632748001",
            "count": 0
        },
        {
            "id": "100094271554808",
            "count": 0
        },
        {
            "id": "100087774939538",
            "count": 0
        },
        {
            "id": "100076895022127",
            "count": 0
        },
        {
            "id": "1487414608",
            "count": 0
        },
        {
            "id": "100037565140766",
            "count": 0
        },
        {
            "id": "61559987801993",
            "count": 0
        },
        {
            "id": "100088232052181",
            "count": 0
        },
        {
            "id": "100012921631712",
            "count": 0
        },
        {
            "id": "100046376018530",
            "count": 0
        },
        {
            "id": "100089616877413",
            "count": 0
        },
        {
            "id": "197301439",
            "count": 0
        },
        {
            "id": "100085088395095",
            "count": 0
        },
        {
            "id": "100018663901688",
            "count": 3
        },
        {
            "id": "1541652546",
            "count": 0
        },
        {
            "id": "61560910192398",
            "count": 0
        },
        {
            "id": "61550829314756",
            "count": 0
        },
        {
            "id": "61550882661933",
            "count": 0
        },
        {
            "id": "61551531008329",
            "count": 0
        },
        {
            "id": "61551807920169",
            "count": 0
        },
        {
            "id": "100089370795305",
            "count": 0
        },
        {
            "id": "100092518903947",
            "count": 0
        },
        {
            "id": "100048286966787",
            "count": 2
        },
        {
            "id": "61559812227985",
            "count": 0
        },
        {
            "id": "100093072477771",
            "count": 0
        },
        {
            "id": "100069864945865",
            "count": 1
        },
        {
            "id": "61561632909329",
            "count": 0
        },
        {
            "id": "100091649291696",
            "count": 0
        },
        {
            "id": "100077324233716",
            "count": 0
        },
        {
            "id": "100069489366872",
            "count": 0
        },
        {
            "id": "100054884779822",
            "count": 0
        },
        {
            "id": "100004285988452",
            "count": 0
        },
        {
            "id": "100094460841826",
            "count": 0
        },
        {
            "id": "100094648899639",
            "count": 0
        },
        {
            "id": "100075694549006",
            "count": 0
        },
        {
            "id": "61554463547147",
            "count": 11
        },
        {
            "id": "100081308743272",
            "count": 0
        }
    ],
    "week": [
        {
            "id": "61552043324604",
            "count": 0,
            "name": "Canh Cut Unluck😀😃😄😁😆😅😂🤣😊😇🙂🙃😉🥰😘😗😙😚😋😛😝😜🤪🤨🧐🤓😎🤩🥳😏😒😞😔😟😕🙁 ☹️ 😣 😖 😫 😩 🥺 😢 😭 😮‍💨😤😠😡🤬🤯"
        },
        {
            "id": "61557619646920",
            "count": 0,
            "name": "Người dùng facebook"
        },
        {
            "id": "100056385116028",
            "count": 0,
            "name": "Người dùng facebook"
        },
        {
            "id": "100090982762429",
            "count": 0,
            "name": "ꓔ."
        },
        {
            "id": "100013186963793",
            "count": 0,
            "name": "⸙                                        𖧧 𝑯𝒂̆́𝒄'𝒔 𝑯𝒂̀𝒏'𝒔 𝑻𝒖𝒆𝒆'𝒔 𝑴𝒊𝒏𝒉𝒉'𝒔 ʕ•̫͡•ʔ•̫͡•ʔ"
        },
        {
            "id": "100055217203470",
            "count": 0,
            "name": "Đại Vanikendy"
        },
        {
            "id": "100002110191281",
            "count": 0,
            "name": "bảo hân ♡"
        },
        {
            "id": "61550632748001",
            "count": 0,
            "name": "Kiêu Linh"
        },
        {
            "id": "100094271554808",
            "count": 0,
            "name": "Tōru"
        },
        {
            "id": "100087774939538",
            "count": 0,
            "name": "Kim Anh"
        },
        {
            "id": "100076895022127",
            "count": 0,
            "name": "Phùng Tuệ Minh 𖤐"
        },
        {
            "id": "1487414608",
            "count": 0,
            "name": "Nguyễn Thiên Phú"
        },
        {
            "id": "100037565140766",
            "count": 0,
            "name": "Nguyễn Phạm Anh Khoa"
        },
        {
            "id": "61559987801993",
            "count": 0,
            "name": "Dat"
        },
        {
            "id": "100088232052181",
            "count": 0,
            "name": "Anh Duong 💭💤"
        },
        {
            "id": "100012921631712",
            "count": 0,
            "name": "️️️️️️️️️️️️️️️️️️️️️️️️️️️️️️️️️️️️️️️️️️️️️️️️️️️️️️️️️️️️️️️️️️️️️️️️️️️️️️️️️️️️️️️️️️️️️️️️️️️️️️️️️️️️️️️️️️️️️️️️️️️️️️️️️️️️️️️️️️️️️️️️️️️️️️️️️️️️️️️️️️️️️️️️️️"
        },
        {
            "id": "100046376018530",
            "count": 0,
            "name": "Võ Trọng Phúc"
        },
        {
            "id": "100089616877413",
            "count": 0,
            "name": "Phạm Thị Huyền"
        },
        {
            "id": "197301439",
            "count": 0,
            "name": "Phùng Tuệ Minh"
        },
        {
            "id": "100085088395095",
            "count": 0,
            "name": "bảo hân"
        },
        {
            "id": "100018663901688",
            "count": 1,
            "name": "️️️️️️️️️️️️️️️️️️️️️️️️️️️️️️️️️️️️️️️️️️️️️️️️️️️️️️️️️️️️️️️️️️️️️️️️️️️️️️️️️️️️️️️️️️️️️️️️️️️️️️️️️️️️️️️️️️️️️️️️️️️️️️️️️️️️️️️️️️️️️️️️️️️️️️️️️️️️️️️️️️️️️️️️️️"
        },
        {
            "id": "1541652546",
            "count": 0,
            "name": "Nguyen Anh Tu"
        },
        {
            "id": "61560910192398",
            "count": 0,
            "name": "Người dùng facebook"
        },
        {
            "id": "61550829314756",
            "count": 0,
            "name": "✰✰✰✰✰ 🇻🇳 👑💎♨️  ✔️💥 ❂ ❖ ➜ ★ ☆🎶🎵☼〠 👺👹🤖💀👾🧸🎭🌸🍀🔰👾 🆑️👾🍀🌸💞❄️🐲🔥🧊🍀👑☮️💥🏴‍☠️🇻🇳Nguyễn Thiên Phú😿❤️‍🩹✰✰✰✰✰ 🇻🇳 👑💎♨️  ✔️💥 ❂ ❖ ➜ ★ ☆🎶🎵☼〠 👺👹🤖💀👾🧸🎭🌸🍀🔰👾 🆑️👾🍀🌸💞❄️🐲🔥🧊🍀👑☮️💥🏴‍☠️"
        },
        {
            "id": "61550882661933",
            "count": 0,
            "name": "𝑫𝒂𝒐 𝑵𝒈𝒖𝒚𝒆𝒏 𝑵𝒈𝒐𝒄 𝑳𝒊𝒏𝒉"
        },
        {
            "id": "61551531008329",
            "count": 0,
            "name": "🐧💎👾🧸 bảo hân ✅️🎊💞"
        },
        {
            "id": "61551807920169",
            "count": 0,
            "name": "⚡️⚡️🔥🔥⚡️🔥🔥⚡️⚡️ ⚡️🔥⛈⛈🔥⛈⛈🔥⚡️ 🔥⛈💧💧🧘🏻💧💧⛈🔥 🔥⛈ Bảo Hân ⛈🔥 🔥⛈💧🩸🔮🩸💧⛈🔥 ⚡️🔥⛈💧🩸💧⛈🔥⚡️ ⚡️⚡️🔥⛈💧⛈🔥⚡️⚡️ ⚡️⚡️⚡️🔥⛈🔥⚡️⚡️⚡️ ⚡️⚡️⚡️⚡️🔥⚡️⚡️⚡️⚡️ "
        },
        {
            "id": "100089370795305",
            "count": 0,
            "name": "bảo hân 🐧"
        },
        {
            "id": "100092518903947",
            "count": 0,
            "name": "𝐁𝐚̉𝐨 𝐇𝐚̂𝐧"
        },
        {
            "id": "100048286966787",
            "count": 0,
            "name": "Ng Văn Chiến"
        },
        {
            "id": "61559812227985",
            "count": 0,
            "name": "Người dùng facebook"
        },
        {
            "id": "100093072477771",
            "count": 0,
            "name": "𝑯𝒂̂𝒏"
        },
        {
            "id": "100069864945865",
            "count": 0,
            "name": "Đặng Văn Lịnh"
        },
        {
            "id": "61561632909329",
            "count": 0,
            "name": "Bao Han"
        },
        {
            "id": "100091649291696",
            "count": 0,
            "name": "Người dùng facebook"
        },
        {
            "id": "100077324233716",
            "count": 0,
            "name": "Người dùng facebook"
        },
        {
            "id": "100069489366872",
            "count": 0,
            "name": "Nguyễn Đăng Khoa"
        },
        {
            "id": "100054884779822",
            "count": 0,
            "name": "Nguyễn Đăng Khoa"
        },
        {
            "id": "100004285988452",
            "count": 0,
            "name": "𒅒 Anh Vẫn Một Mình 𓍭 Vẫn Thường Xuyên Ghé Ngang Qua Bưu Điện 𓆤 Hay Tới Thư Viện Để Tìm Lại 𓃦 Những Hình Ảnh Trong Anh Còn Lưu Niệm 𓃠 Rồi Đã Lâu Không Được Nghe Em Nói 𓆤 Em Đang Cảm Thấy Thật Tệ Tối Nay 𓃕 Anh Vội Gác Lại Những Công Việc 𓅭 Em Ở Đâu Anh Tới Ngay ϟ𓋇"
        },
        {
            "id": "100094460841826",
            "count": 0,
            "name": "𓅄 Dẫu Anh Không Là Chàng Hoàng Tử Mà Em Đắm Say 𓅷 Chỉ Là Giản Đơn Thôi Như Hình Hài Anh Lúc Này 𓃰 Anh Vẫn Muốn Quỳ Gối Trước Nàng Công Chúa Đẹp Nhất Đêm Nay 𖣘 Điều Anh Muốn Là Luôn Thấy Em Cười 𖠃 Chẳng Cần Phải Lo Lắng Vì Anh Ở Đây Rồi 𖣦 Để Anh Che Chở Em Hết Quãng Đường Ngày Sau Nhé 𖣔 Ngày Đầu Tiên Cùng Nhau Sống Suốt Đời 𓅘 Cùng Nhìn Về Phía Trước Cầm Tay Mãi Không Rời"
        },
        {
            "id": "100094648899639",
            "count": 0,
            "name": "✨✨✨✨✨✨✨✨✨ 🌙🌙🕋🕋✨🕋🕋🌙🌙 🌙🕋🕌🕌🕋🕌🕌🕋🌙 🕋🕌✨✨👱‍♀️✨✨🕌🕋 🕋🕌❦⭐🄱🄰🄾⭐❦🕌🕋 🕋🕌❦⭐🄳🅄🅈⭐❦🕌🕋 ⚜️🕋🕌✨👱✨🕌🕋⚜️ ⚜️⚜️🕋🕌✨🕌🕋⚜️⚜️ ⚜️⚜️⚜️🕋🕌🕋⚜️⚜️⚜️ ✨✨✨✨✨✨✨✨✨ۦۦ"
        },
        {
            "id": "100075694549006",
            "count": 0,
            "name": "ʕ•̫͡•ʔ•̫͡•ʔ 𝑩𝒂̉𝒐 𝑯𝒂̂𝒏 𓃠"
        },
        {
            "id": "61554463547147",
            "count": 1,
            "name": "Hạnh　Phúc　Có　Bỏ　Rơi　Anh　Nhưng Anh　Không　Bao　Giờ　Bỏ　Rơi　Em"
        },
        {
            "id": "100081308743272",
            "count": 0,
            "name": "Bill Clinton ✔"
        }
    ],
    "day": [
        {
            "id": "61552043324604",
            "count": 0,
            "name": "Canh Cut Unluck😀😃😄😁😆😅😂🤣😊😇🙂🙃😉🥰😘😗😙😚😋😛😝😜🤪🤨🧐🤓😎🤩🥳😏😒😞😔😟😕🙁 ☹️ 😣 😖 😫 😩 🥺 😢 😭 😮‍💨😤😠😡🤬🤯"
        },
        {
            "id": "61557619646920",
            "count": 0,
            "name": "Người dùng facebook"
        },
        {
            "id": "100056385116028",
            "count": 0,
            "name": "Người dùng facebook"
        },
        {
            "id": "100090982762429",
            "count": 0,
            "name": "ꓔ."
        },
        {
            "id": "100013186963793",
            "count": 0,
            "name": "⸙                                        𖧧 𝑯𝒂̆́𝒄'𝒔 𝑯𝒂̀𝒏'𝒔 𝑻𝒖𝒆𝒆'𝒔 𝑴𝒊𝒏𝒉𝒉'𝒔 ʕ•̫͡•ʔ•̫͡•ʔ"
        },
        {
            "id": "100055217203470",
            "count": 0,
            "name": "Đại Vanikendy"
        },
        {
            "id": "100002110191281",
            "count": 6,
            "name": "bảo hân ♡"
        },
        {
            "id": "61550632748001",
            "count": 0,
            "name": "Kiêu Linh"
        },
        {
            "id": "100094271554808",
            "count": 0,
            "name": "Tōru"
        },
        {
            "id": "100087774939538",
            "count": 0,
            "name": "Kim Anh"
        },
        {
            "id": "100076895022127",
            "count": 0,
            "name": "Phùng Tuệ Minh 𖤐"
        },
        {
            "id": "1487414608",
            "count": 0,
            "name": "Nguyễn Thiên Phú"
        },
        {
            "id": "100037565140766",
            "count": 0,
            "name": "Nguyễn Phạm Anh Khoa"
        },
        {
            "id": "61559987801993",
            "count": 0,
            "name": "Dat"
        },
        {
            "id": "100088232052181",
            "count": 0,
            "name": "Anh Duong 💭💤"
        },
        {
            "id": "100012921631712",
            "count": 0,
            "name": "️️️️️️️️️️️️️️️️️️️️️️️️️️️️️️️️️️️️️️️️️️️️️️️️️️️️️️️️️️️️️️️️️️️️️️️️️️️️️️️️️️️️️️️️️️️️️️️️️️️️️️️️️️️️️️️️️️️️️️️️️️️️️️️️️️️️️️️️️️️️️️️️️️️️️️️️️️️️️️️️️️️️️️️️️️"
        },
        {
            "id": "100046376018530",
            "count": 0,
            "name": "Võ Trọng Phúc"
        },
        {
            "id": "100089616877413",
            "count": 0,
            "name": "Phạm Thị Huyền"
        },
        {
            "id": "197301439",
            "count": 0,
            "name": "Phùng Tuệ Minh"
        },
        {
            "id": "100085088395095",
            "count": 0,
            "name": "bảo hân"
        },
        {
            "id": "100018663901688",
            "count": 1,
            "name": "️️️️️️️️️️️️️️️️️️️️️️️️️️️️️️️️️️️️️️️️️️️️️️️️️️️️️️️️️️️️️️️️️️️️️️️️️️️️️️️️️️️️️️️️️️️️️️️️️️️️️️️️️️️️️️️️️️️️️️️️️️️️️️️️️️️️️️️️️️️️️️️️️️️️️️️️️️️️️️️️️️️️️️️️️️"
        },
        {
            "id": "1541652546",
            "count": 0,
            "name": "Nguyen Anh Tu"
        },
        {
            "id": "61560910192398",
            "count": 0,
            "name": "Người dùng facebook"
        },
        {
            "id": "61550829314756",
            "count": 0,
            "name": "✰✰✰✰✰ 🇻🇳 👑💎♨️  ✔️💥 ❂ ❖ ➜ ★ ☆🎶🎵☼〠 👺👹🤖💀👾🧸🎭🌸🍀🔰👾 🆑️👾🍀🌸💞❄️🐲🔥🧊🍀👑☮️💥🏴‍☠️🇻🇳Nguyễn Thiên Phú😿❤️‍🩹✰✰✰✰✰ 🇻🇳 👑💎♨️  ✔️💥 ❂ ❖ ➜ ★ ☆🎶🎵☼〠 👺👹🤖💀👾🧸🎭🌸🍀🔰👾 🆑️👾🍀🌸💞❄️🐲🔥🧊🍀👑☮️💥🏴‍☠️"
        },
        {
            "id": "61550882661933",
            "count": 0,
            "name": "𝑫𝒂𝒐 𝑵𝒈𝒖𝒚𝒆𝒏 𝑵𝒈𝒐𝒄 𝑳𝒊𝒏𝒉"
        },
        {
            "id": "61551531008329",
            "count": 0,
            "name": "🐧💎👾🧸 bảo hân ✅️🎊💞"
        },
        {
            "id": "61551807920169",
            "count": 0,
            "name": "⚡️⚡️🔥🔥⚡️🔥🔥⚡️⚡️ ⚡️🔥⛈⛈🔥⛈⛈🔥⚡️ 🔥⛈💧💧🧘🏻💧💧⛈🔥 🔥⛈ Bảo Hân ⛈🔥 🔥⛈💧🩸🔮🩸💧⛈🔥 ⚡️🔥⛈💧🩸💧⛈🔥⚡️ ⚡️⚡️🔥⛈💧⛈🔥⚡️⚡️ ⚡️⚡️⚡️🔥⛈🔥⚡️⚡️⚡️ ⚡️⚡️⚡️⚡️🔥⚡️⚡️⚡️⚡️ "
        },
        {
            "id": "100089370795305",
            "count": 0,
            "name": "bảo hân 🐧"
        },
        {
            "id": "100092518903947",
            "count": 0,
            "name": "𝐁𝐚̉𝐨 𝐇𝐚̂𝐧"
        },
        {
            "id": "100048286966787",
            "count": 2,
            "name": "Ng Văn Chiến"
        },
        {
            "id": "61559812227985",
            "count": 0,
            "name": "Người dùng facebook"
        },
        {
            "id": "100093072477771",
            "count": 0,
            "name": "𝑯𝒂̂𝒏"
        },
        {
            "id": "100069864945865",
            "count": 1,
            "name": "Đặng Văn Lịnh"
        },
        {
            "id": "61561632909329",
            "count": 0,
            "name": "Bao Han"
        },
        {
            "id": "100091649291696",
            "count": 0,
            "name": "Người dùng facebook"
        },
        {
            "id": "100077324233716",
            "count": 0,
            "name": "Người dùng facebook"
        },
        {
            "id": "100069489366872",
            "count": 0,
            "name": "Nguyễn Đăng Khoa"
        },
        {
            "id": "100054884779822",
            "count": 0,
            "name": "Nguyễn Đăng Khoa"
        },
        {
            "id": "100004285988452",
            "count": 0,
            "name": "𒅒 Anh Vẫn Một Mình 𓍭 Vẫn Thường Xuyên Ghé Ngang Qua Bưu Điện 𓆤 Hay Tới Thư Viện Để Tìm Lại 𓃦 Những Hình Ảnh Trong Anh Còn Lưu Niệm 𓃠 Rồi Đã Lâu Không Được Nghe Em Nói 𓆤 Em Đang Cảm Thấy Thật Tệ Tối Nay 𓃕 Anh Vội Gác Lại Những Công Việc 𓅭 Em Ở Đâu Anh Tới Ngay ϟ𓋇"
        },
        {
            "id": "100094460841826",
            "count": 0,
            "name": "𓅄 Dẫu Anh Không Là Chàng Hoàng Tử Mà Em Đắm Say 𓅷 Chỉ Là Giản Đơn Thôi Như Hình Hài Anh Lúc Này 𓃰 Anh Vẫn Muốn Quỳ Gối Trước Nàng Công Chúa Đẹp Nhất Đêm Nay 𖣘 Điều Anh Muốn Là Luôn Thấy Em Cười 𖠃 Chẳng Cần Phải Lo Lắng Vì Anh Ở Đây Rồi 𖣦 Để Anh Che Chở Em Hết Quãng Đường Ngày Sau Nhé 𖣔 Ngày Đầu Tiên Cùng Nhau Sống Suốt Đời 𓅘 Cùng Nhìn Về Phía Trước Cầm Tay Mãi Không Rời"
        },
        {
            "id": "100094648899639",
            "count": 0,
            "name": "✨✨✨✨✨✨✨✨✨ 🌙🌙🕋🕋✨🕋🕋🌙🌙 🌙🕋🕌🕌🕋🕌🕌🕋🌙 🕋🕌✨✨👱‍♀️✨✨🕌🕋 🕋🕌❦⭐🄱🄰🄾⭐❦🕌🕋 🕋🕌❦⭐🄳🅄🅈⭐❦🕌🕋 ⚜️🕋🕌✨👱✨🕌🕋⚜️ ⚜️⚜️🕋🕌✨🕌🕋⚜️⚜️ ⚜️⚜️⚜️🕋🕌🕋⚜️⚜️⚜️ ✨✨✨✨✨✨✨✨✨ۦۦ"
        },
        {
            "id": "100075694549006",
            "count": 0,
            "name": "ʕ•̫͡•ʔ•̫͡•ʔ 𝑩𝒂̉𝒐 𝑯𝒂̂𝒏 𓃠"
        },
        {
            "id": "61554463547147",
            "count": 10,
            "name": "Hạnh　Phúc　Có　Bỏ　Rơi　Anh　Nhưng Anh　Không　Bao　Giờ　Bỏ　Rơi　Em"
        },
        {
            "id": "100081308743272",
            "count": 0,
            "name": "Bill Clinton ✔"
        }
    ],
    "time": 1,
    "last": {
        "time": 6,
        "day": [
            {
                "id": "61552043324604",
                "count": 0
            },
            {
                "id": "61557619646920",
                "count": 0
            },
            {
                "id": "100056385116028",
                "count": 0
            },
            {
                "id": "100090982762429",
                "count": 0
            },
            {
                "id": "100013186963793",
                "count": 0
            },
            {
                "id": "100055217203470",
                "count": 0
            },
            {
                "id": "100002110191281",
                "count": 0
            },
            {
                "id": "61550632748001",
                "count": 0
            },
            {
                "id": "100094271554808",
                "count": 0
            },
            {
                "id": "100087774939538",
                "count": 0
            },
            {
                "id": "100076895022127",
                "count": 0
            },
            {
                "id": "1487414608",
                "count": 0
            },
            {
                "id": "100037565140766",
                "count": 0
            },
            {
                "id": "61559987801993",
                "count": 0
            },
            {
                "id": "100088232052181",
                "count": 0
            },
            {
                "id": "100012921631712",
                "count": 0
            },
            {
                "id": "100046376018530",
                "count": 0
            },
            {
                "id": "100089616877413",
                "count": 0
            },
            {
                "id": "197301439",
                "count": 0
            },
            {
                "id": "100085088395095",
                "count": 0
            },
            {
                "id": "100018663901688",
                "count": 0
            },
            {
                "id": "1541652546",
                "count": 0
            },
            {
                "id": "61560910192398",
                "count": 0
            },
            {
                "id": "61550829314756",
                "count": 0
            },
            {
                "id": "61550882661933",
                "count": 0
            },
            {
                "id": "61551531008329",
                "count": 0
            },
            {
                "id": "61551807920169",
                "count": 0
            },
            {
                "id": "100089370795305",
                "count": 0
            },
            {
                "id": "100092518903947",
                "count": 0
            },
            {
                "id": "100048286966787",
                "count": 0
            },
            {
                "id": "61559812227985",
                "count": 0
            },
            {
                "id": "100093072477771",
                "count": 0
            },
            {
                "id": "100069864945865",
                "count": 0
            },
            {
                "id": "61561632909329",
                "count": 0
            },
            {
                "id": "100091649291696",
                "count": 0
            },
            {
                "id": "100077324233716",
                "count": 0
            },
            {
                "id": "100069489366872",
                "count": 0
            },
            {
                "id": "100054884779822",
                "count": 0
            },
            {
                "id": "100004285988452",
                "count": 0
            },
            {
                "id": "100094460841826",
                "count": 0
            },
            {
                "id": "100094648899639",
                "count": 0
            },
            {
                "id": "100075694549006",
                "count": 0
            },
            {
                "id": "61554463547147",
                "count": 0
            },
            {
                "id": "100081308743272",
                "count": 0
            }
        ],
        "week": [
            {
                "id": "61552043324604",
                "count": 0
            },
            {
                "id": "61557619646920",
                "count": 0
            },
            {
                "id": "100056385116028",
                "count": 0
            },
            {
                "id": "100090982762429",
                "count": 0
            },
            {
                "id": "100013186963793",
                "count": 0
            },
            {
                "id": "100055217203470",
                "count": 0
            },
            {
                "id": "100002110191281",
                "count": 0
            },
            {
                "id": "61550632748001",
                "count": 0
            },
            {
                "id": "100094271554808",
                "count": 0
            },
            {
                "id": "100087774939538",
                "count": 0
            },
            {
                "id": "100076895022127",
                "count": 0
            },
            {
                "id": "1487414608",
                "count": 0
            },
            {
                "id": "100037565140766",
                "count": 0
            },
            {
                "id": "61559987801993",
                "count": 0
            },
            {
                "id": "100088232052181",
                "count": 0
            },
            {
                "id": "100012921631712",
                "count": 0
            },
            {
                "id": "100046376018530",
                "count": 0
            },
            {
                "id": "100089616877413",
                "count": 0
            },
            {
                "id": "197301439",
                "count": 0
            },
            {
                "id": "100085088395095",
                "count": 0
            },
            {
                "id": "100018663901688",
                "count": 0
            },
            {
                "id": "1541652546",
                "count": 0
            },
            {
                "id": "61560910192398",
                "count": 0
            },
            {
                "id": "61550829314756",
                "count": 0
            },
            {
                "id": "61550882661933",
                "count": 0
            },
            {
                "id": "61551531008329",
                "count": 0
            },
            {
                "id": "61551807920169",
                "count": 0
            },
            {
                "id": "100089370795305",
                "count": 0
            },
            {
                "id": "100092518903947",
                "count": 0
            },
            {
                "id": "100048286966787",
                "count": 0
            },
            {
                "id": "61559812227985",
                "count": 0
            },
            {
                "id": "100093072477771",
                "count": 0
            },
            {
                "id": "100069864945865",
                "count": 0
            },
            {
                "id": "61561632909329",
                "count": 0
            },
            {
                "id": "100091649291696",
                "count": 0
            },
            {
                "id": "100077324233716",
                "count": 0
            },
            {
                "id": "100069489366872",
                "count": 0
            },
            {
                "id": "100054884779822",
                "count": 0
            },
            {
                "id": "100004285988452",
                "count": 0
            },
            {
                "id": "100094460841826",
                "count": 0
            },
            {
                "id": "100094648899639",
                "count": 0
            },
            {
                "id": "100075694549006",
                "count": 0
            },
            {
                "id": "61554463547147",
                "count": 0
            },
            {
                "id": "100081308743272",
                "count": 0
            }
        ]
    },
    "61554463547147": 11,
    "100018663901688": 1,
    "100048286966787": 1,
    "100002110191281": 7
}