{
    "1334285798": 8,
    "1417149937": 1,
    "1631016269": 2,
    "total": [
        {
            "id": "100090168070553",
            "count": 4
        },
        {
            "id": "100092744481406",
            "count": 0
        },
        {
            "id": "100038791595043",
            "count": 0
        },
        {
            "id": "100022448225417",
            "count": 0
        },
        {
            "id": "100069091017023",
            "count": 0
        },
        {
            "id": "100068096370437",
            "count": 8
        },
        {
            "id": "100028548344383",
            "count": 1
        },
        {
            "id": "100061285663625",
            "count": 0
        },
        {
            "id": "61556013187606",
            "count": 0
        },
        {
            "id": "100071768980176",
            "count": 0
        },
        {
            "id": "100085073240621",
            "count": 0
        },
        {
            "id": "100064533063816",
            "count": 0
        },
        {
            "id": "100011950817290",
            "count": 0
        },
        {
            "id": "100094662740975",
            "count": 0
        },
        {
            "id": "100079827743922",
            "count": 0
        },
        {
            "id": "100053800224181",
            "count": 0
        },
        {
            "id": "100088286371303",
            "count": 0
        },
        {
            "id": "100089560755228",
            "count": 0
        },
        {
            "id": "100078644937656",
            "count": 0
        },
        {
            "id": "100029378752728",
            "count": 0
        },
        {
            "id": "100095329730145",
            "count": 0
        },
        {
            "id": "61550726037530",
            "count": 1
        },
        {
            "id": "100091627916764",
            "count": 0
        },
        {
            "id": "61553672780668",
            "count": 0
        },
        {
            "id": "100091250266334",
            "count": 1
        },
        {
            "id": "100089822744506",
            "count": 0
        },
        {
            "id": "100067508386723",
            "count": 0
        },
        {
            "id": "100089352882349",
            "count": 0
        },
        {
            "id": "61555895836903",
            "count": 0
        },
        {
            "id": "100091588424660",
            "count": 0
        },
        {
            "id": "100040514860057",
            "count": 0
        },
        {
            "id": "100000493975005",
            "count": 0
        },
        {
            "id": "100050202621313",
            "count": 0
        },
        {
            "id": "61555330892424",
            "count": 0
        },
        {
            "id": "100087659527478",
            "count": 0
        },
        {
            "id": "1417149937",
            "count": 1
        },
        {
            "id": "61550521925292",
            "count": 0
        },
        {
            "id": "100075198002506",
            "count": 0
        },
        {
            "id": "100072696458960",
            "count": 0
        },
        {
            "id": "100073530616731",
            "count": 0
        },
        {
            "id": "61551120508642",
            "count": 1
        },
        {
            "id": "100030860482751",
            "count": 0
        },
        {
            "id": "100000745531418",
            "count": 0
        },
        {
            "id": "100041755282061",
            "count": 0
        },
        {
            "id": "100089033040313",
            "count": 0
        },
        {
            "id": "61553305149267",
            "count": 0
        },
        {
            "id": "100011422572422",
            "count": 0
        },
        {
            "id": "100076965934609",
            "count": 0
        },
        {
            "id": "100029310527150",
            "count": 0
        },
        {
            "id": "61556399652506",
            "count": 0
        },
        {
            "id": "100089914371747",
            "count": 0
        },
        {
            "id": "100091286040529",
            "count": 0
        },
        {
            "id": "100001934073913",
            "count": 0
        },
        {
            "id": "100088817988946",
            "count": 0
        },
        {
            "id": "100066838458710",
            "count": 3
        },
        {
            "id": "61557487734590",
            "count": 0
        },
        {
            "id": "100013594143679",
            "count": 0
        },
        {
            "id": "100051451965796",
            "count": 0
        },
        {
            "id": "100000091371004",
            "count": 0
        },
        {
            "id": "100093082543154",
            "count": 9
        },
        {
            "id": "100004024820917",
            "count": 0
        },
        {
            "id": "100090260659479",
            "count": 0
        },
        {
            "id": "61553951764588",
            "count": 0
        },
        {
            "id": "61552548836547",
            "count": 0
        },
        {
            "id": "100088840053482",
            "count": 0
        },
        {
            "id": "100000844047548",
            "count": 0
        },
        {
            "id": "100085924904310",
            "count": 0
        },
        {
            "id": "100015708247902",
            "count": 1
        },
        {
            "id": "100093533087708",
            "count": 0
        },
        {
            "id": "100002593163715",
            "count": 0
        },
        {
            "id": "100069864945865",
            "count": 2
        },
        {
            "id": "100081129610697",
            "count": 8
        },
        {
            "id": "100089071639839",
            "count": 0
        },
        {
            "id": "100040761302134",
            "count": 0
        },
        {
            "id": "100037211391552",
            "count": 0
        },
        {
            "id": "100094314882749",
            "count": 0
        },
        {
            "id": "100080476122191",
            "count": 0
        },
        {
            "id": "61558640694138",
            "count": 0
        },
        {
            "id": "100081590400491",
            "count": 0
        },
        {
            "id": "61558749501286",
            "count": 0
        },
        {
            "id": "100081308743272",
            "count": 0
        },
        {
            "id": "61558355983465",
            "count": 0
        },
        {
            "id": "61558646519652",
            "count": 0
        },
        {
            "id": "100089881980382",
            "count": 0
        },
        {
            "id": "100087762024208",
            "count": 0
        },
        {
            "id": "61556331045372",
            "count": 0
        },
        {
            "id": "61559322502236",
            "count": 0
        },
        {
            "id": "61558868908609",
            "count": 0
        },
        {
            "id": "61557697311088",
            "count": 0
        },
        {
            "id": "61559038552323",
            "count": 0
        },
        {
            "id": "61557502380463",
            "count": 0
        },
        {
            "id": "1542881558",
            "count": 0
        },
        {
            "id": "61559105651973",
            "count": 0
        },
        {
            "id": "100002579414939",
            "count": 0
        },
        {
            "id": "61559142330608",
            "count": 0
        },
        {
            "id": "100081349845592",
            "count": 0
        },
        {
            "id": "61552955900740",
            "count": 0
        },
        {
            "id": "100094249061711",
            "count": 0
        },
        {
            "id": "61559521661600",
            "count": 0
        },
        {
            "id": "61559639047842",
            "count": 0
        },
        {
            "id": "100094301281835",
            "count": 0
        },
        {
            "id": "61559565041667",
            "count": 0
        },
        {
            "id": "100094224682383",
            "count": 0
        },
        {
            "id": "61559454205155",
            "count": 0
        },
        {
            "id": "61558952213130",
            "count": 0
        },
        {
            "id": "100076001912896",
            "count": 0
        },
        {
            "id": "537846897",
            "count": 0
        },
        {
            "id": "100090511285969",
            "count": 0
        },
        {
            "id": "61559687799431",
            "count": 0
        },
        {
            "id": "100086649001317",
            "count": 0
        },
        {
            "id": "100063804937178",
            "count": 0
        },
        {
            "id": "61560070496027",
            "count": 0
        },
        {
            "id": "61553985617318",
            "count": 0
        },
        {
            "id": "61557356161502",
            "count": 8
        },
        {
            "id": "100090662753418",
            "count": 0
        },
        {
            "id": "1550702797",
            "count": 0
        },
        {
            "id": "100037708723985",
            "count": 0
        },
        {
            "id": "100048286966787",
            "count": 0
        },
        {
            "id": "100067625346315",
            "count": 0
        },
        {
            "id": "100001134374202",
            "count": 0
        },
        {
            "id": "100089134449709",
            "count": 0
        },
        {
            "id": "100091670406676",
            "count": 0
        },
        {
            "id": "1270787329",
            "count": 0
        },
        {
            "id": "100066380955714",
            "count": 0
        },
        {
            "id": "1631016269",
            "count": 2
        },
        {
            "id": "100042575622073",
            "count": 0
        },
        {
            "id": "61559735485481",
            "count": 0
        },
        {
            "id": "100093640224524",
            "count": 0
        },
        {
            "id": "61561009014883",
            "count": 0
        },
        {
            "id": "61560547082987",
            "count": 0
        },
        {
            "id": "61560562555923",
            "count": 0
        },
        {
            "id": "61551793060521",
            "count": 5
        },
        {
            "id": "61557790880926",
            "count": 0
        },
        {
            "id": "100091707276529",
            "count": 0
        },
        {
            "id": "100037741424837",
            "count": 0
        },
        {
            "id": "100068009795358",
            "count": 3
        },
        {
            "id": "1334285798",
            "count": 7
        },
        {
            "id": "100071680238906",
            "count": 0
        },
        {
            "id": "100012547178957",
            "count": 0
        },
        {
            "id": "61559298737218",
            "count": 0
        },
        {
            "id": "100020460654779",
            "count": 0
        }
    ],
    "week": [
        {
            "id": "100090168070553",
            "count": 2,
            "name": "Tii Enn Tii"
        },
        {
            "id": "100092744481406",
            "count": 0,
            "name": "Ng Huy"
        },
        {
            "id": "100038791595043",
            "count": 0,
            "name": "Lâm Hào"
        },
        {
            "id": "100022448225417",
            "count": 0,
            "name": "ミン ドゥ"
        },
        {
            "id": "100069091017023",
            "count": 0,
            "name": "Long Lỏ"
        },
        {
            "id": "100068096370437",
            "count": 2,
            "name": "Phạm Minh Đồng"
        },
        {
            "id": "100028548344383",
            "count": 0,
            "name": "Vịt Cuốn Bánh Tráng"
        },
        {
            "id": "100061285663625",
            "count": 0,
            "name": "Eien えいえん"
        },
        {
            "id": "61556013187606",
            "count": 0,
            "name": "Người dùng facebook"
        },
        {
            "id": "100071768980176",
            "count": 0,
            "name": "Hoàng Xuân Thành ✓"
        },
        {
            "id": "100085073240621",
            "count": 0,
            "name": "Dang Gia Khanh"
        },
        {
            "id": "100064533063816",
            "count": 0,
            "name": "Lê Bảo Vy"
        },
        {
            "id": "100011950817290",
            "count": 0,
            "name": "Lâm Hào"
        },
        {
            "id": "100094662740975",
            "count": 0,
            "name": "Người dùng facebook"
        },
        {
            "id": "100079827743922",
            "count": 0,
            "name": "Cao Tiến Thành"
        },
        {
            "id": "100053800224181",
            "count": 0,
            "name": "Nguyễn Thanh Phúc"
        },
        {
            "id": "100088286371303",
            "count": 0,
            "name": "Hoàng Gia Bảo"
        },
        {
            "id": "100089560755228",
            "count": 0,
            "name": "Do Xuan Tuyen"
        },
        {
            "id": "100078644937656",
            "count": 0,
            "name": "Nguyễn Văn Kiên"
        },
        {
            "id": "100029378752728",
            "count": 0,
            "name": "Lương Thiên Bảo"
        },
        {
            "id": "100095329730145",
            "count": 0,
            "name": "An An"
        },
        {
            "id": "61550726037530",
            "count": 0,
            "name": "Aww Duy"
        },
        {
            "id": "100091627916764",
            "count": 0,
            "name": "Lynhʚ ɞCuti"
        },
        {
            "id": "61553672780668",
            "count": 0,
            "name": "Như Ýy"
        },
        {
            "id": "100091250266334",
            "count": 1,
            "name": "ꓮꓳꓲꓑꓳꓑꓬꓹꓧꓰꓡꓡꓳꓺꓼꓸꓸꓸꔚꔮꖘꕹꕺꔹꔮꔹꕻꕹꔽꔪ ꔮꔮꔮꔮꔮꔮꔮꔮꔮꔮꔮꔮꔮꔮꔮꔮꔮꔮꔮꔮꔮꔮꔮꔮꔮꔮ ꔞꔁꔖꔮꕥꕔꖊꕻꕺꕹꕤꖋꔹꔌꔍꔹꖌꗵꗴꗶꗳꗥꖽꗽꔷꔸ"
        },
        {
            "id": "100089822744506",
            "count": 0,
            "name": "Lê Hoàng Thanh Hùng ✅"
        },
        {
            "id": "100067508386723",
            "count": 0,
            "name": "Phạm Hữu Tài"
        },
        {
            "id": "100089352882349",
            "count": 0,
            "name": "Nguyễn Thị Kim Hiền"
        },
        {
            "id": "61555895836903",
            "count": 0,
            "name": "Minh Thư"
        },
        {
            "id": "100091588424660",
            "count": 0,
            "name": "Phuc Nguyen"
        },
        {
            "id": "100040514860057",
            "count": 0,
            "name": "NT Khang"
        },
        {
            "id": "100000493975005",
            "count": 0,
            "name": "Nguyễn Đinh Tiến Dũng"
        },
        {
            "id": "100050202621313",
            "count": 0,
            "name": "Nguyễn Công"
        },
        {
            "id": "61555330892424",
            "count": 0,
            "name": "Khoa Khoa"
        },
        {
            "id": "100087659527478",
            "count": 0,
            "name": "Trần Xuân Bách"
        },
        {
            "id": "1417149937",
            "count": 0,
            "name": "Huy Hoàng"
        },
        {
            "id": "61550521925292",
            "count": 0,
            "name": "Đào Xuân Trườngg"
        },
        {
            "id": "100075198002506",
            "count": 0,
            "name": "Đào Xuân Trường"
        },
        {
            "id": "100072696458960",
            "count": 0,
            "name": "Minn Mie"
        },
        {
            "id": "100073530616731",
            "count": 0,
            "name": "Văn Thiện"
        },
        {
            "id": "61551120508642",
            "count": 1,
            "name": "𓂄𓆩𑁍 Ngàу Hôm Ấу 𖤛 Em Buông Taу Anh Vì Lý Do Gì 𖤤 Người Hãу Nói Đi 𖥂Đừng Bắt Anh Phải Nghĩ Suу 𖠺 Để Rồi Từng Đêm Thao Thức Lệ Tràn Ướt Đôi Khóe Mi 𓈷 Ϲũng Chỉ Bởi Vì Em Ra Đi Chẳng Lời Biệt Lу ꫞ Rồi Những Ngày Qua Anh Phải Sống Trong Nỗi Cô Đơn 𓅳 Phố Đông Tim Lạnh Lòng Saу Mình Anh Hiu Quạnh 𓆦 Giờ Em Nơi Đâu 𓆏 Xin Hãу Trả Lời Một Lần Anh Đi 𓃰𓆪𓂁"
        },
        {
            "id": "100030860482751",
            "count": 0,
            "name": "Nguyễn Hữu Trường An"
        },
        {
            "id": "100000745531418",
            "count": 0,
            "name": "️️️️️️️️️️️️️️️️️️️️️️️️️️️️️️️️️️️️️️️️️️️️️️️️️️️️️️️️️️️️️️️️️️️️️️️️️️️️️️️️️️️️️ ️️️️️️️️️️️️️️️️️️️️️️️️️️️️️️️️️️️️️️️️️️️️️️️️️️️️️️️️️️️️️️️️️️️️️️️️️️️️️️️️️️️️️"
        },
        {
            "id": "100041755282061",
            "count": 0,
            "name": "Hiếu Nghiêm"
        },
        {
            "id": "100089033040313",
            "count": 0,
            "name": "Nguyễn Đức Toàn"
        },
        {
            "id": "61553305149267",
            "count": 0,
            "name": "Trần Xuân Bách"
        },
        {
            "id": "100011422572422",
            "count": 0,
            "name": "Nguyễn Quốc Hưng"
        },
        {
            "id": "100076965934609",
            "count": 0,
            "name": "Tawn Nuyeenx"
        },
        {
            "id": "100029310527150",
            "count": 0,
            "name": "Duy Tân"
        },
        {
            "id": "61556399652506",
            "count": 0,
            "name": "K. Diễm"
        },
        {
            "id": "100089914371747",
            "count": 0,
            "name": "TL Thiên"
        },
        {
            "id": "100091286040529",
            "count": 0,
            "name": "Người dùng facebook"
        },
        {
            "id": "100001934073913",
            "count": 0,
            "name": "Diskotéka Kraloup"
        },
        {
            "id": "100088817988946",
            "count": 0,
            "name": "Lâm Hoàng Khang"
        },
        {
            "id": "100066838458710",
            "count": 0,
            "name": "Trường Thọ"
        },
        {
            "id": "61557487734590",
            "count": 0,
            "name": "Yumiko Bot"
        },
        {
            "id": "100013594143679",
            "count": 0,
            "name": "Phương Tuấn"
        },
        {
            "id": "100051451965796",
            "count": 0,
            "name": "Nguyễn hiệp🧸❤️‍🩹"
        },
        {
            "id": "100000091371004",
            "count": 0,
            "name": "Johnny Cash"
        },
        {
            "id": "100093082543154",
            "count": 0,
            "name": "Nguyên Blue 󱢏"
        },
        {
            "id": "100004024820917",
            "count": 0,
            "name": "️️️️️️️️️️️️️️️️️️️️️️️️️️️️️️️️️️️️️️️️️️️️️️️️️️️️️️️️️️️️️️️️️️️️️️️️️️️️️️️️️️️️️️️️️️️️️️️️️️️️️️️️️️️️️️️️️️️️️️️️️️️️️️️️️️️️️️️️️️️️️️️️️️️️️️️️️️️️️️️️️️️️️️️️️️"
        },
        {
            "id": "100090260659479",
            "count": 0,
            "name": "Miuu Linhh"
        },
        {
            "id": "61553951764588",
            "count": 0,
            "name": "Kim Anhh"
        },
        {
            "id": "61552548836547",
            "count": 0,
            "name": "Phạm Minh Đồng"
        },
        {
            "id": "100088840053482",
            "count": 0,
            "name": "Nat Ngu Iồn"
        },
        {
            "id": "100000844047548",
            "count": 0,
            "name": "Phan Luân ✓"
        },
        {
            "id": "100085924904310",
            "count": 0,
            "name": "HOÀNG HÀO"
        },
        {
            "id": "100015708247902",
            "count": 0,
            "name": "Lê Tuấn Vỹ"
        },
        {
            "id": "100093533087708",
            "count": 0,
            "name": "Người dùng facebook"
        },
        {
            "id": "100002593163715",
            "count": 0,
            "name": "️️️️️️️️️️️️️️️️️️️️️️️️️️️️️️️️️️️️️️️️️️️️️️️️️️️️️️️️️️️️️️️️️️️️️️️️️️️️️️️️️️️️️️️️️️️️️️️️️️️️️️️️️️️️️️️️️️️️️️️️️️️️️️️️️️️️️️️️️️️️️️️️️️️️️️️️️️️️️️️️️️️️️️️️️️"
        },
        {
            "id": "100069864945865",
            "count": 0,
            "name": "Đặng Văn Lịnh"
        },
        {
            "id": "100081129610697",
            "count": 0,
            "name": "Bùi Văn Khánh"
        },
        {
            "id": "100089071639839",
            "count": 0,
            "name": "Nguyễn Đinh Tiến Dũng"
        },
        {
            "id": "100040761302134",
            "count": 0,
            "name": "Minh  Đức 󱢏"
        },
        {
            "id": "100037211391552",
            "count": 0,
            "name": "Heo Rừng"
        },
        {
            "id": "100094314882749",
            "count": 0,
            "name": "Lê Tuấn Vỹ"
        },
        {
            "id": "100080476122191",
            "count": 0,
            "name": "Người dùng facebook"
        },
        {
            "id": "61558640694138",
            "count": 0,
            "name": "Người dùng facebook"
        },
        {
            "id": "100081590400491",
            "count": 0,
            "name": "Hoàngg Khangg"
        },
        {
            "id": "61558749501286",
            "count": 0,
            "name": "Người dùng facebook"
        },
        {
            "id": "100081308743272",
            "count": 0,
            "name": "Bill Clinton ✔"
        },
        {
            "id": "61558355983465",
            "count": 0,
            "name": "Nguyễn Văn Kiên"
        },
        {
            "id": "61558646519652",
            "count": 0,
            "name": "Người dùng facebook"
        },
        {
            "id": "100089881980382",
            "count": 0,
            "name": "Công Lực"
        },
        {
            "id": "100087762024208",
            "count": 0,
            "name": "Thịnh ˑ メ"
        },
        {
            "id": "61556331045372",
            "count": 0,
            "name": "Người dùng facebook"
        },
        {
            "id": "61559322502236",
            "count": 0,
            "name": "Người dùng facebook"
        },
        {
            "id": "61558868908609",
            "count": 0,
            "name": "Người dùng facebook"
        },
        {
            "id": "61557697311088",
            "count": 0,
            "name": "ellox"
        },
        {
            "id": "61559038552323",
            "count": 0,
            "name": "Mai Thị Quỳnh Anh"
        },
        {
            "id": "61557502380463",
            "count": 0,
            "name": "Người dùng facebook"
        },
        {
            "id": "1542881558",
            "count": 0,
            "name": "Người dùng facebook"
        },
        {
            "id": "61559105651973",
            "count": 0,
            "name": "Người dùng facebook"
        },
        {
            "id": "100002579414939",
            "count": 0,
            "name": "Cậuem Bánkem"
        },
        {
            "id": "61559142330608",
            "count": 0,
            "name": "Đào Xuân Trườngg"
        },
        {
            "id": "100081349845592",
            "count": 0,
            "name": "Ebe Xikgai"
        },
        {
            "id": "61552955900740",
            "count": 0,
            "name": "Thương Em"
        },
        {
            "id": "100094249061711",
            "count": 0,
            "name": "Người dùng facebook"
        },
        {
            "id": "61559521661600",
            "count": 0,
            "name": "Người dùng facebook"
        },
        {
            "id": "61559639047842",
            "count": 0,
            "name": "Ngg Linh"
        },
        {
            "id": "100094301281835",
            "count": 0,
            "name": "Người dùng facebook"
        },
        {
            "id": "61559565041667",
            "count": 0,
            "name": "Người dùng facebook"
        },
        {
            "id": "100094224682383",
            "count": 0,
            "name": "Bbi Cutii Vailonn"
        },
        {
            "id": "61559454205155",
            "count": 0,
            "name": "Đỗ Hoàng Minh"
        },
        {
            "id": "61558952213130",
            "count": 0,
            "name": "Người dùng facebook"
        },
        {
            "id": "100076001912896",
            "count": 0,
            "name": "Thao Nong"
        },
        {
            "id": "537846897",
            "count": 0,
            "name": "Nguyễn Võ Ngọc Hiếu"
        },
        {
            "id": "100090511285969",
            "count": 0,
            "name": "Người dùng facebook"
        },
        {
            "id": "61559687799431",
            "count": 0,
            "name": "Người dùng facebook"
        },
        {
            "id": "100086649001317",
            "count": 0,
            "name": "Ken Cần Cù"
        },
        {
            "id": "100063804937178",
            "count": 0,
            "name": "Nguyen Thi Linh"
        },
        {
            "id": "61560070496027",
            "count": 0,
            "name": "Người dùng facebook"
        },
        {
            "id": "61553985617318",
            "count": 0,
            "name": "Người dùng facebook"
        },
        {
            "id": "61557356161502",
            "count": 6,
            "name": "Buff Text"
        },
        {
            "id": "100090662753418",
            "count": 0,
            "name": "Nguyễn Đinh Tiến Dũng"
        },
        {
            "id": "1550702797",
            "count": 0,
            "name": "Đào Xuân Trườngg"
        },
        {
            "id": "100037708723985",
            "count": 0,
            "name": "Song Gio"
        },
        {
            "id": "100048286966787",
            "count": 0,
            "name": "Ng Văn Chiến"
        },
        {
            "id": "100067625346315",
            "count": 0,
            "name": "Người dùng facebook"
        },
        {
            "id": "100001134374202",
            "count": 0,
            "name": "𝓝𝓰𝓾𝔂𝓮̂̃𝓷 𝓥𝓪̆𝓷 𝓒𝓱𝓲𝓮̂́𝓷 𝓥𝓪̀ 𝓝𝓱𝓾̛̃𝓷𝓰 𝓝𝓸̂̃𝓲 𝓑𝓾𝓸̂̀𝓷𓆡"
        },
        {
            "id": "100089134449709",
            "count": 0,
            "name": "Trà My"
        },
        {
            "id": "100091670406676",
            "count": 0,
            "name": "Quynhh Nhuu"
        },
        {
            "id": "1270787329",
            "count": 0,
            "name": "Ngân Quỳnh Hoa"
        },
        {
            "id": "100066380955714",
            "count": 0,
            "name": "Maii Phương"
        },
        {
            "id": "1631016269",
            "count": 0,
            "name": "Phạm Minh Đồng"
        },
        {
            "id": "100042575622073",
            "count": 0,
            "name": "𝐍𝐠𝐮𝐲𝐞̂̃𝐧 𝐕𝐢𝐞̂́𝐭 𝐓𝐮́"
        },
        {
            "id": "61559735485481",
            "count": 0,
            "name": "Người dùng facebook"
        },
        {
            "id": "100093640224524",
            "count": 0,
            "name": "Trọng Nghĩa"
        },
        {
            "id": "61561009014883",
            "count": 0,
            "name": "Chiền Thần Bại War"
        },
        {
            "id": "61560547082987",
            "count": 0,
            "name": "Người dùng facebook"
        },
        {
            "id": "61560562555923",
            "count": 0,
            "name": "Nino Kawaiii"
        },
        {
            "id": "61551793060521",
            "count": 0,
            "name": "Mây Trắng"
        },
        {
            "id": "61557790880926",
            "count": 0,
            "name": "Người dùng facebook"
        },
        {
            "id": "100091707276529",
            "count": 0,
            "name": "Vân Nguyễn"
        },
        {
            "id": "100037741424837",
            "count": 0,
            "name": "Cao Chung Đạt"
        },
        {
            "id": "100068009795358",
            "count": 0,
            "name": "Hoàng Duy Tân"
        },
        {
            "id": "1334285798",
            "count": 3,
            "name": "Dal Santo Luca"
        },
        {
            "id": "100071680238906",
            "count": 0,
            "name": "Xuân Trườngg"
        },
        {
            "id": "100012547178957",
            "count": 0,
            "name": "Hoàng Thiên Bảo"
        },
        {
            "id": "61559298737218",
            "count": 0,
            "name": "Người dùng facebook"
        },
        {
            "id": "100020460654779",
            "count": 0,
            "name": "Ky Phan"
        }
    ],
    "day": [
        {
            "id": "100090168070553",
            "count": 4
        },
        {
            "id": "100092744481406",
            "count": 0
        },
        {
            "id": "100038791595043",
            "count": 0
        },
        {
            "id": "100022448225417",
            "count": 0
        },
        {
            "id": "100069091017023",
            "count": 0
        },
        {
            "id": "100068096370437",
            "count": 8
        },
        {
            "id": "100028548344383",
            "count": 1
        },
        {
            "id": "100061285663625",
            "count": 0
        },
        {
            "id": "61556013187606",
            "count": 0
        },
        {
            "id": "100071768980176",
            "count": 0
        },
        {
            "id": "100085073240621",
            "count": 0
        },
        {
            "id": "100064533063816",
            "count": 0
        },
        {
            "id": "100011950817290",
            "count": 0
        },
        {
            "id": "100094662740975",
            "count": 0
        },
        {
            "id": "100079827743922",
            "count": 0
        },
        {
            "id": "100053800224181",
            "count": 0
        },
        {
            "id": "100088286371303",
            "count": 0
        },
        {
            "id": "100089560755228",
            "count": 0
        },
        {
            "id": "100078644937656",
            "count": 0
        },
        {
            "id": "100029378752728",
            "count": 0
        },
        {
            "id": "100095329730145",
            "count": 0
        },
        {
            "id": "61550726037530",
            "count": 1
        },
        {
            "id": "100091627916764",
            "count": 0
        },
        {
            "id": "61553672780668",
            "count": 0
        },
        {
            "id": "100091250266334",
            "count": 1
        },
        {
            "id": "100089822744506",
            "count": 0
        },
        {
            "id": "100067508386723",
            "count": 0
        },
        {
            "id": "100089352882349",
            "count": 0
        },
        {
            "id": "61555895836903",
            "count": 0
        },
        {
            "id": "100091588424660",
            "count": 0
        },
        {
            "id": "100040514860057",
            "count": 0
        },
        {
            "id": "100000493975005",
            "count": 0
        },
        {
            "id": "100050202621313",
            "count": 0
        },
        {
            "id": "61555330892424",
            "count": 0
        },
        {
            "id": "100087659527478",
            "count": 0
        },
        {
            "id": "1417149937",
            "count": 1
        },
        {
            "id": "61550521925292",
            "count": 0
        },
        {
            "id": "100075198002506",
            "count": 0
        },
        {
            "id": "100072696458960",
            "count": 0
        },
        {
            "id": "100073530616731",
            "count": 0
        },
        {
            "id": "61551120508642",
            "count": 1
        },
        {
            "id": "100030860482751",
            "count": 0
        },
        {
            "id": "100000745531418",
            "count": 0
        },
        {
            "id": "100041755282061",
            "count": 0
        },
        {
            "id": "100089033040313",
            "count": 0
        },
        {
            "id": "61553305149267",
            "count": 0
        },
        {
            "id": "100011422572422",
            "count": 0
        },
        {
            "id": "100076965934609",
            "count": 0
        },
        {
            "id": "100029310527150",
            "count": 0
        },
        {
            "id": "61556399652506",
            "count": 0
        },
        {
            "id": "100089914371747",
            "count": 0
        },
        {
            "id": "100091286040529",
            "count": 0
        },
        {
            "id": "100001934073913",
            "count": 0
        },
        {
            "id": "100088817988946",
            "count": 0
        },
        {
            "id": "100066838458710",
            "count": 3
        },
        {
            "id": "61557487734590",
            "count": 0
        },
        {
            "id": "100013594143679",
            "count": 0
        },
        {
            "id": "100051451965796",
            "count": 0
        },
        {
            "id": "100000091371004",
            "count": 0
        },
        {
            "id": "100093082543154",
            "count": 9
        },
        {
            "id": "100004024820917",
            "count": 0
        },
        {
            "id": "100090260659479",
            "count": 0
        },
        {
            "id": "61553951764588",
            "count": 0
        },
        {
            "id": "61552548836547",
            "count": 0
        },
        {
            "id": "100088840053482",
            "count": 0
        },
        {
            "id": "100000844047548",
            "count": 0
        },
        {
            "id": "100085924904310",
            "count": 0
        },
        {
            "id": "100015708247902",
            "count": 1
        },
        {
            "id": "100093533087708",
            "count": 0
        },
        {
            "id": "100002593163715",
            "count": 0
        },
        {
            "id": "100069864945865",
            "count": 2
        },
        {
            "id": "100081129610697",
            "count": 8
        },
        {
            "id": "100089071639839",
            "count": 0
        },
        {
            "id": "100040761302134",
            "count": 0
        },
        {
            "id": "100037211391552",
            "count": 0
        },
        {
            "id": "100094314882749",
            "count": 0
        },
        {
            "id": "100080476122191",
            "count": 0
        },
        {
            "id": "61558640694138",
            "count": 0
        },
        {
            "id": "100081590400491",
            "count": 0
        },
        {
            "id": "61558749501286",
            "count": 0
        },
        {
            "id": "100081308743272",
            "count": 0
        },
        {
            "id": "61558355983465",
            "count": 0
        },
        {
            "id": "61558646519652",
            "count": 0
        },
        {
            "id": "100089881980382",
            "count": 0
        },
        {
            "id": "100087762024208",
            "count": 0
        },
        {
            "id": "61556331045372",
            "count": 0
        },
        {
            "id": "61559322502236",
            "count": 0
        },
        {
            "id": "61558868908609",
            "count": 0
        },
        {
            "id": "61557697311088",
            "count": 0
        },
        {
            "id": "61559038552323",
            "count": 0
        },
        {
            "id": "61557502380463",
            "count": 0
        },
        {
            "id": "1542881558",
            "count": 0
        },
        {
            "id": "61559105651973",
            "count": 0
        },
        {
            "id": "100002579414939",
            "count": 0
        },
        {
            "id": "61559142330608",
            "count": 0
        },
        {
            "id": "100081349845592",
            "count": 0
        },
        {
            "id": "61552955900740",
            "count": 0
        },
        {
            "id": "100094249061711",
            "count": 0
        },
        {
            "id": "61559521661600",
            "count": 0
        },
        {
            "id": "61559639047842",
            "count": 0
        },
        {
            "id": "100094301281835",
            "count": 0
        },
        {
            "id": "61559565041667",
            "count": 0
        },
        {
            "id": "100094224682383",
            "count": 0
        },
        {
            "id": "61559454205155",
            "count": 0
        },
        {
            "id": "61558952213130",
            "count": 0
        },
        {
            "id": "100076001912896",
            "count": 0
        },
        {
            "id": "537846897",
            "count": 0
        },
        {
            "id": "100090511285969",
            "count": 0
        },
        {
            "id": "61559687799431",
            "count": 0
        },
        {
            "id": "100086649001317",
            "count": 0
        },
        {
            "id": "100063804937178",
            "count": 0
        },
        {
            "id": "61560070496027",
            "count": 0
        },
        {
            "id": "61553985617318",
            "count": 0
        },
        {
            "id": "61557356161502",
            "count": 8
        },
        {
            "id": "100090662753418",
            "count": 0
        },
        {
            "id": "1550702797",
            "count": 0
        },
        {
            "id": "100037708723985",
            "count": 0
        },
        {
            "id": "100048286966787",
            "count": 0
        },
        {
            "id": "100067625346315",
            "count": 0
        },
        {
            "id": "100001134374202",
            "count": 0
        },
        {
            "id": "100089134449709",
            "count": 0
        },
        {
            "id": "100091670406676",
            "count": 0
        },
        {
            "id": "1270787329",
            "count": 0
        },
        {
            "id": "100066380955714",
            "count": 0
        },
        {
            "id": "1631016269",
            "count": 2
        },
        {
            "id": "100042575622073",
            "count": 0
        },
        {
            "id": "61559735485481",
            "count": 0
        },
        {
            "id": "100093640224524",
            "count": 0
        },
        {
            "id": "61561009014883",
            "count": 0
        },
        {
            "id": "61560547082987",
            "count": 0
        },
        {
            "id": "61560562555923",
            "count": 0
        },
        {
            "id": "61551793060521",
            "count": 5
        },
        {
            "id": "61557790880926",
            "count": 0
        },
        {
            "id": "100091707276529",
            "count": 0
        },
        {
            "id": "100037741424837",
            "count": 0
        },
        {
            "id": "100068009795358",
            "count": 3
        },
        {
            "id": "1334285798",
            "count": 7
        },
        {
            "id": "100071680238906",
            "count": 0
        },
        {
            "id": "100012547178957",
            "count": 0
        },
        {
            "id": "61559298737218",
            "count": 0
        },
        {
            "id": "100020460654779",
            "count": 0
        }
    ],
    "time": 1,
    "last": {
        "time": 0,
        "day": [
            {
                "id": "100090168070553",
                "count": 0
            },
            {
                "id": "100092744481406",
                "count": 0
            },
            {
                "id": "100038791595043",
                "count": 0
            },
            {
                "id": "100022448225417",
                "count": 0
            },
            {
                "id": "100069091017023",
                "count": 0
            },
            {
                "id": "100068096370437",
                "count": 0
            },
            {
                "id": "100028548344383",
                "count": 0
            },
            {
                "id": "100061285663625",
                "count": 0
            },
            {
                "id": "61556013187606",
                "count": 0
            },
            {
                "id": "100071768980176",
                "count": 0
            },
            {
                "id": "100085073240621",
                "count": 0
            },
            {
                "id": "100064533063816",
                "count": 0
            },
            {
                "id": "100011950817290",
                "count": 0
            },
            {
                "id": "100094662740975",
                "count": 0
            },
            {
                "id": "100079827743922",
                "count": 0
            },
            {
                "id": "100053800224181",
                "count": 0
            },
            {
                "id": "100088286371303",
                "count": 0
            },
            {
                "id": "100089560755228",
                "count": 0
            },
            {
                "id": "100078644937656",
                "count": 0
            },
            {
                "id": "100029378752728",
                "count": 0
            },
            {
                "id": "100095329730145",
                "count": 0
            },
            {
                "id": "61550726037530",
                "count": 0
            },
            {
                "id": "100091627916764",
                "count": 0
            },
            {
                "id": "61553672780668",
                "count": 0
            },
            {
                "id": "100091250266334",
                "count": 0
            },
            {
                "id": "100089822744506",
                "count": 0
            },
            {
                "id": "100067508386723",
                "count": 0
            },
            {
                "id": "100089352882349",
                "count": 0
            },
            {
                "id": "61555895836903",
                "count": 0
            },
            {
                "id": "100091588424660",
                "count": 0
            },
            {
                "id": "100040514860057",
                "count": 0
            },
            {
                "id": "100000493975005",
                "count": 0
            },
            {
                "id": "100050202621313",
                "count": 0
            },
            {
                "id": "61555330892424",
                "count": 0
            },
            {
                "id": "100087659527478",
                "count": 0
            },
            {
                "id": "1417149937",
                "count": 0
            },
            {
                "id": "61550521925292",
                "count": 0
            },
            {
                "id": "100075198002506",
                "count": 0
            },
            {
                "id": "100072696458960",
                "count": 0
            },
            {
                "id": "100073530616731",
                "count": 0
            },
            {
                "id": "61551120508642",
                "count": 0
            },
            {
                "id": "100030860482751",
                "count": 0
            },
            {
                "id": "100000745531418",
                "count": 0
            },
            {
                "id": "100041755282061",
                "count": 0
            },
            {
                "id": "100089033040313",
                "count": 0
            },
            {
                "id": "61553305149267",
                "count": 0
            },
            {
                "id": "100011422572422",
                "count": 0
            },
            {
                "id": "100076965934609",
                "count": 0
            },
            {
                "id": "100029310527150",
                "count": 0
            },
            {
                "id": "61556399652506",
                "count": 0
            },
            {
                "id": "100089914371747",
                "count": 0
            },
            {
                "id": "100091286040529",
                "count": 0
            },
            {
                "id": "100001934073913",
                "count": 0
            },
            {
                "id": "100088817988946",
                "count": 0
            },
            {
                "id": "100066838458710",
                "count": 0
            },
            {
                "id": "61557487734590",
                "count": 0
            },
            {
                "id": "100013594143679",
                "count": 0
            },
            {
                "id": "100051451965796",
                "count": 0
            },
            {
                "id": "100000091371004",
                "count": 0
            },
            {
                "id": "100093082543154",
                "count": 0
            },
            {
                "id": "100004024820917",
                "count": 0
            },
            {
                "id": "100090260659479",
                "count": 0
            },
            {
                "id": "61553951764588",
                "count": 0
            },
            {
                "id": "61552548836547",
                "count": 0
            },
            {
                "id": "100088840053482",
                "count": 0
            },
            {
                "id": "100000844047548",
                "count": 0
            },
            {
                "id": "100085924904310",
                "count": 0
            },
            {
                "id": "100015708247902",
                "count": 0
            },
            {
                "id": "100093533087708",
                "count": 0
            },
            {
                "id": "100002593163715",
                "count": 0
            },
            {
                "id": "100069864945865",
                "count": 0
            },
            {
                "id": "100081129610697",
                "count": 0
            },
            {
                "id": "100089071639839",
                "count": 0
            },
            {
                "id": "100040761302134",
                "count": 0
            },
            {
                "id": "100037211391552",
                "count": 0
            },
            {
                "id": "100094314882749",
                "count": 0
            },
            {
                "id": "100080476122191",
                "count": 0
            },
            {
                "id": "61558640694138",
                "count": 0
            },
            {
                "id": "100081590400491",
                "count": 0
            },
            {
                "id": "61558749501286",
                "count": 0
            },
            {
                "id": "100081308743272",
                "count": 0
            },
            {
                "id": "61558355983465",
                "count": 0
            },
            {
                "id": "61558646519652",
                "count": 0
            },
            {
                "id": "100089881980382",
                "count": 0
            },
            {
                "id": "100087762024208",
                "count": 0
            },
            {
                "id": "61556331045372",
                "count": 0
            },
            {
                "id": "61559322502236",
                "count": 0
            },
            {
                "id": "61558868908609",
                "count": 0
            },
            {
                "id": "61557697311088",
                "count": 0
            },
            {
                "id": "61559038552323",
                "count": 0
            },
            {
                "id": "61557502380463",
                "count": 0
            },
            {
                "id": "1542881558",
                "count": 0
            },
            {
                "id": "61559105651973",
                "count": 0
            },
            {
                "id": "100002579414939",
                "count": 0
            },
            {
                "id": "61559142330608",
                "count": 0
            },
            {
                "id": "100081349845592",
                "count": 0
            },
            {
                "id": "61552955900740",
                "count": 0
            },
            {
                "id": "100094249061711",
                "count": 0
            },
            {
                "id": "61559521661600",
                "count": 0
            },
            {
                "id": "61559639047842",
                "count": 0
            },
            {
                "id": "100094301281835",
                "count": 0
            },
            {
                "id": "61559565041667",
                "count": 0
            },
            {
                "id": "100094224682383",
                "count": 0
            },
            {
                "id": "61559454205155",
                "count": 0
            },
            {
                "id": "61558952213130",
                "count": 0
            },
            {
                "id": "100076001912896",
                "count": 0
            },
            {
                "id": "537846897",
                "count": 0
            },
            {
                "id": "100090511285969",
                "count": 0
            },
            {
                "id": "61559687799431",
                "count": 0
            },
            {
                "id": "100086649001317",
                "count": 0
            },
            {
                "id": "100063804937178",
                "count": 0
            },
            {
                "id": "61560070496027",
                "count": 0
            },
            {
                "id": "61553985617318",
                "count": 0
            },
            {
                "id": "61557356161502",
                "count": 0
            },
            {
                "id": "100090662753418",
                "count": 0
            },
            {
                "id": "1550702797",
                "count": 0
            },
            {
                "id": "100037708723985",
                "count": 0
            },
            {
                "id": "100048286966787",
                "count": 0
            },
            {
                "id": "100067625346315",
                "count": 0
            },
            {
                "id": "100001134374202",
                "count": 0
            },
            {
                "id": "100089134449709",
                "count": 0
            },
            {
                "id": "100091670406676",
                "count": 0
            },
            {
                "id": "1270787329",
                "count": 0
            },
            {
                "id": "100066380955714",
                "count": 0
            },
            {
                "id": "1631016269",
                "count": 0
            },
            {
                "id": "100042575622073",
                "count": 0
            },
            {
                "id": "61559735485481",
                "count": 0
            },
            {
                "id": "100093640224524",
                "count": 0
            },
            {
                "id": "61561009014883",
                "count": 0
            },
            {
                "id": "61560547082987",
                "count": 0
            },
            {
                "id": "61560562555923",
                "count": 0
            },
            {
                "id": "61551793060521",
                "count": 0
            },
            {
                "id": "61557790880926",
                "count": 0
            },
            {
                "id": "100091707276529",
                "count": 0
            },
            {
                "id": "100037741424837",
                "count": 0
            },
            {
                "id": "100068009795358",
                "count": 0
            },
            {
                "id": "1334285798",
                "count": 0
            },
            {
                "id": "100071680238906",
                "count": 0
            },
            {
                "id": "100012547178957",
                "count": 0
            },
            {
                "id": "61559298737218",
                "count": 0
            },
            {
                "id": "100020460654779",
                "count": 0
            }
        ],
        "week": [
            {
                "id": "100090168070553",
                "count": 0
            },
            {
                "id": "100092744481406",
                "count": 0
            },
            {
                "id": "100038791595043",
                "count": 0
            },
            {
                "id": "100022448225417",
                "count": 0
            },
            {
                "id": "100069091017023",
                "count": 0
            },
            {
                "id": "100068096370437",
                "count": 0
            },
            {
                "id": "100028548344383",
                "count": 0
            },
            {
                "id": "100061285663625",
                "count": 0
            },
            {
                "id": "61556013187606",
                "count": 0
            },
            {
                "id": "100071768980176",
                "count": 0
            },
            {
                "id": "100085073240621",
                "count": 0
            },
            {
                "id": "100064533063816",
                "count": 0
            },
            {
                "id": "100011950817290",
                "count": 0
            },
            {
                "id": "100094662740975",
                "count": 0
            },
            {
                "id": "100079827743922",
                "count": 0
            },
            {
                "id": "100053800224181",
                "count": 0
            },
            {
                "id": "100088286371303",
                "count": 0
            },
            {
                "id": "100089560755228",
                "count": 0
            },
            {
                "id": "100078644937656",
                "count": 0
            },
            {
                "id": "100029378752728",
                "count": 0
            },
            {
                "id": "100095329730145",
                "count": 0
            },
            {
                "id": "61550726037530",
                "count": 0
            },
            {
                "id": "100091627916764",
                "count": 0
            },
            {
                "id": "61553672780668",
                "count": 0
            },
            {
                "id": "100091250266334",
                "count": 0
            },
            {
                "id": "100089822744506",
                "count": 0
            },
            {
                "id": "100067508386723",
                "count": 0
            },
            {
                "id": "100089352882349",
                "count": 0
            },
            {
                "id": "61555895836903",
                "count": 0
            },
            {
                "id": "100091588424660",
                "count": 0
            },
            {
                "id": "100040514860057",
                "count": 0
            },
            {
                "id": "100000493975005",
                "count": 0
            },
            {
                "id": "100050202621313",
                "count": 0
            },
            {
                "id": "61555330892424",
                "count": 0
            },
            {
                "id": "100087659527478",
                "count": 0
            },
            {
                "id": "1417149937",
                "count": 0
            },
            {
                "id": "61550521925292",
                "count": 0
            },
            {
                "id": "100075198002506",
                "count": 0
            },
            {
                "id": "100072696458960",
                "count": 0
            },
            {
                "id": "100073530616731",
                "count": 0
            },
            {
                "id": "61551120508642",
                "count": 0
            },
            {
                "id": "100030860482751",
                "count": 0
            },
            {
                "id": "100000745531418",
                "count": 0
            },
            {
                "id": "100041755282061",
                "count": 0
            },
            {
                "id": "100089033040313",
                "count": 0
            },
            {
                "id": "61553305149267",
                "count": 0
            },
            {
                "id": "100011422572422",
                "count": 0
            },
            {
                "id": "100076965934609",
                "count": 0
            },
            {
                "id": "100029310527150",
                "count": 0
            },
            {
                "id": "61556399652506",
                "count": 0
            },
            {
                "id": "100089914371747",
                "count": 0
            },
            {
                "id": "100091286040529",
                "count": 0
            },
            {
                "id": "100001934073913",
                "count": 0
            },
            {
                "id": "100088817988946",
                "count": 0
            },
            {
                "id": "100066838458710",
                "count": 0
            },
            {
                "id": "61557487734590",
                "count": 0
            },
            {
                "id": "100013594143679",
                "count": 0
            },
            {
                "id": "100051451965796",
                "count": 0
            },
            {
                "id": "100000091371004",
                "count": 0
            },
            {
                "id": "100093082543154",
                "count": 0
            },
            {
                "id": "100004024820917",
                "count": 0
            },
            {
                "id": "100090260659479",
                "count": 0
            },
            {
                "id": "61553951764588",
                "count": 0
            },
            {
                "id": "61552548836547",
                "count": 0
            },
            {
                "id": "100088840053482",
                "count": 0
            },
            {
                "id": "100000844047548",
                "count": 0
            },
            {
                "id": "100085924904310",
                "count": 0
            },
            {
                "id": "100015708247902",
                "count": 0
            },
            {
                "id": "100093533087708",
                "count": 0
            },
            {
                "id": "100002593163715",
                "count": 0
            },
            {
                "id": "100069864945865",
                "count": 0
            },
            {
                "id": "100081129610697",
                "count": 0
            },
            {
                "id": "100089071639839",
                "count": 0
            },
            {
                "id": "100040761302134",
                "count": 0
            },
            {
                "id": "100037211391552",
                "count": 0
            },
            {
                "id": "100094314882749",
                "count": 0
            },
            {
                "id": "100080476122191",
                "count": 0
            },
            {
                "id": "61558640694138",
                "count": 0
            },
            {
                "id": "100081590400491",
                "count": 0
            },
            {
                "id": "61558749501286",
                "count": 0
            },
            {
                "id": "100081308743272",
                "count": 0
            },
            {
                "id": "61558355983465",
                "count": 0
            },
            {
                "id": "61558646519652",
                "count": 0
            },
            {
                "id": "100089881980382",
                "count": 0
            },
            {
                "id": "100087762024208",
                "count": 0
            },
            {
                "id": "61556331045372",
                "count": 0
            },
            {
                "id": "61559322502236",
                "count": 0
            },
            {
                "id": "61558868908609",
                "count": 0
            },
            {
                "id": "61557697311088",
                "count": 0
            },
            {
                "id": "61559038552323",
                "count": 0
            },
            {
                "id": "61557502380463",
                "count": 0
            },
            {
                "id": "1542881558",
                "count": 0
            },
            {
                "id": "61559105651973",
                "count": 0
            },
            {
                "id": "100002579414939",
                "count": 0
            },
            {
                "id": "61559142330608",
                "count": 0
            },
            {
                "id": "100081349845592",
                "count": 0
            },
            {
                "id": "61552955900740",
                "count": 0
            },
            {
                "id": "100094249061711",
                "count": 0
            },
            {
                "id": "61559521661600",
                "count": 0
            },
            {
                "id": "61559639047842",
                "count": 0
            },
            {
                "id": "100094301281835",
                "count": 0
            },
            {
                "id": "61559565041667",
                "count": 0
            },
            {
                "id": "100094224682383",
                "count": 0
            },
            {
                "id": "61559454205155",
                "count": 0
            },
            {
                "id": "61558952213130",
                "count": 0
            },
            {
                "id": "100076001912896",
                "count": 0
            },
            {
                "id": "537846897",
                "count": 0
            },
            {
                "id": "100090511285969",
                "count": 0
            },
            {
                "id": "61559687799431",
                "count": 0
            },
            {
                "id": "100086649001317",
                "count": 0
            },
            {
                "id": "100063804937178",
                "count": 0
            },
            {
                "id": "61560070496027",
                "count": 0
            },
            {
                "id": "61553985617318",
                "count": 0
            },
            {
                "id": "61557356161502",
                "count": 0
            },
            {
                "id": "100090662753418",
                "count": 0
            },
            {
                "id": "1550702797",
                "count": 0
            },
            {
                "id": "100037708723985",
                "count": 0
            },
            {
                "id": "100048286966787",
                "count": 0
            },
            {
                "id": "100067625346315",
                "count": 0
            },
            {
                "id": "100001134374202",
                "count": 0
            },
            {
                "id": "100089134449709",
                "count": 0
            },
            {
                "id": "100091670406676",
                "count": 0
            },
            {
                "id": "1270787329",
                "count": 0
            },
            {
                "id": "100066380955714",
                "count": 0
            },
            {
                "id": "1631016269",
                "count": 0
            },
            {
                "id": "100042575622073",
                "count": 0
            },
            {
                "id": "61559735485481",
                "count": 0
            },
            {
                "id": "100093640224524",
                "count": 0
            },
            {
                "id": "61561009014883",
                "count": 0
            },
            {
                "id": "61560547082987",
                "count": 0
            },
            {
                "id": "61560562555923",
                "count": 0
            },
            {
                "id": "61551793060521",
                "count": 0
            },
            {
                "id": "61557790880926",
                "count": 0
            },
            {
                "id": "100091707276529",
                "count": 0
            },
            {
                "id": "100037741424837",
                "count": 0
            },
            {
                "id": "100068009795358",
                "count": 0
            },
            {
                "id": "1334285798",
                "count": 0
            },
            {
                "id": "100071680238906",
                "count": 0
            },
            {
                "id": "100012547178957",
                "count": 0
            },
            {
                "id": "61559298737218",
                "count": 0
            },
            {
                "id": "100020460654779",
                "count": 0
            }
        ]
    },
    "100069864945865": 2,
    "100081129610697": 8,
    "100068096370437": 9,
    "61557356161502": 10,
    "100093082543154": 9,
    "61551793060521": 5,
    "100068009795358": 3,
    "100066838458710": 3,
    "100015708247902": 1,
    "100090168070553": 4,
    "61550726037530": 1,
    "100028548344383": 1,
    "61551120508642": 1,
    "100091250266334": 1
}