{
    "total": [
        {
            "id": "100066042456664",
            "count": 28
        },
        {
            "id": "100053386657288",
            "count": 0
        },
        {
            "id": "100089255118991",
            "count": 0
        },
        {
            "id": "100089226031962",
            "count": 0
        },
        {
            "id": "100086467345531",
            "count": 0
        },
        {
            "id": "100086547782869",
            "count": 0
        },
        {
            "id": "100080787324543",
            "count": 0
        },
        {
            "id": "100068472158676",
            "count": 0
        },
        {
            "id": "100088424862931",
            "count": 1
        },
        {
            "id": "100071067245279",
            "count": 0
        },
        {
            "id": "100052541677301",
            "count": 0
        },
        {
            "id": "100088499923471",
            "count": 0
        },
        {
            "id": "100064549933068",
            "count": 0
        },
        {
            "id": "100079492153938",
            "count": 0
        },
        {
            "id": "100038824130649",
            "count": 0
        },
        {
            "id": "100065512358688",
            "count": 0
        },
        {
            "id": "100078915374624",
            "count": 0
        },
        {
            "id": "100009959682884",
            "count": 0
        },
        {
            "id": "100010060030867",
            "count": 1
        },
        {
            "id": "100071998431832",
            "count": 0
        },
        {
            "id": "100080610787451",
            "count": 0
        },
        {
            "id": "100078033099334",
            "count": 0
        },
        {
            "id": "100064476008070",
            "count": 11
        },
        {
            "id": "100039164073602",
            "count": 0
        },
        {
            "id": "100062342345666",
            "count": 0
        },
        {
            "id": "100090165476907",
            "count": 0
        },
        {
            "id": "100078631651310",
            "count": 0
        },
        {
            "id": "100064044015492",
            "count": 0
        },
        {
            "id": "100009998175263",
            "count": 0
        },
        {
            "id": "100073794827571",
            "count": 0
        },
        {
            "id": "100024354544276",
            "count": 0
        },
        {
            "id": "100055462970268",
            "count": 0
        },
        {
            "id": "100078782621616",
            "count": 0
        },
        {
            "id": "100066400122360",
            "count": 0
        },
        {
            "id": "100063458439490",
            "count": 0
        },
        {
            "id": "100030816284999",
            "count": 0
        },
        {
            "id": "100066834351812",
            "count": 0
        },
        {
            "id": "100040513301923",
            "count": 0
        },
        {
            "id": "100044464581357",
            "count": 0
        },
        {
            "id": "100089019393228",
            "count": 0
        },
        {
            "id": "100093126966658",
            "count": 0
        },
        {
            "id": "100064540915885",
            "count": 0
        },
        {
            "id": "100093102145518",
            "count": 0
        },
        {
            "id": "100053920211194",
            "count": 0
        },
        {
            "id": "100082103214275",
            "count": 0
        },
        {
            "id": "100077629761068",
            "count": 0
        },
        {
            "id": "100003612369251",
            "count": 0
        },
        {
            "id": "100050406661293",
            "count": 0
        },
        {
            "id": "100084268239534",
            "count": 0
        },
        {
            "id": "100088226233542",
            "count": 0
        },
        {
            "id": "100054765354896",
            "count": 0
        },
        {
            "id": "100041419251049",
            "count": 0
        },
        {
            "id": "100056239997396",
            "count": 0
        },
        {
            "id": "100089376120327",
            "count": 0
        },
        {
            "id": "100072646775359",
            "count": 0
        },
        {
            "id": "100072753803132",
            "count": 0
        },
        {
            "id": "100084125157583",
            "count": 0
        },
        {
            "id": "100034568880983",
            "count": 0
        },
        {
            "id": "100094260491450",
            "count": 0
        },
        {
            "id": "100085408931168",
            "count": 22
        },
        {
            "id": "100081982509461",
            "count": 0
        },
        {
            "id": "100084563933530",
            "count": 0
        },
        {
            "id": "100087221391569",
            "count": 0
        },
        {
            "id": "100083272284253",
            "count": 0
        },
        {
            "id": "100063916344918",
            "count": 0
        },
        {
            "id": "100086635975087",
            "count": 0
        },
        {
            "id": "100087000400751",
            "count": 0
        },
        {
            "id": "61550095970737",
            "count": 0
        },
        {
            "id": "100054069962501",
            "count": 0
        },
        {
            "id": "100081089199471",
            "count": 0
        },
        {
            "id": "100078194304851",
            "count": 0
        },
        {
            "id": "61550970719672",
            "count": 0
        },
        {
            "id": "100065445081435",
            "count": 0
        },
        {
            "id": "100072191686992",
            "count": 13
        },
        {
            "id": "100081308743272",
            "count": 0
        },
        {
            "id": "100073807788740",
            "count": 0
        },
        {
            "id": "100074646805786",
            "count": 0
        },
        {
            "id": "100076984981505",
            "count": 0
        },
        {
            "id": "100002492037907",
            "count": 0
        },
        {
            "id": "648220322",
            "count": 0
        },
        {
            "id": "571570240",
            "count": 0
        },
        {
            "id": "819377695",
            "count": 0
        },
        {
            "id": "100094974517027",
            "count": 0
        },
        {
            "id": "61552298774656",
            "count": 0
        },
        {
            "id": "100094654925626",
            "count": 0
        },
        {
            "id": "61555790350330",
            "count": 0
        },
        {
            "id": "61559704958437",
            "count": 0
        },
        {
            "id": "100067988383354",
            "count": 0
        },
        {
            "id": "61550597072317",
            "count": 0
        },
        {
            "id": "100093399152643",
            "count": 0
        },
        {
            "id": "100091608741534",
            "count": 0
        },
        {
            "id": "100075160362601",
            "count": 22
        },
        {
            "id": "100074837953362",
            "count": 3
        }
    ],
    "week": [
        {
            "id": "100066042456664",
            "count": 0,
            "name": "Hieu Nguyen"
        },
        {
            "id": "100053386657288",
            "count": 0,
            "name": "Milo Milo"
        },
        {
            "id": "100089255118991",
            "count": 0,
            "name": "Meguru Bachira"
        },
        {
            "id": "100089226031962",
            "count": 0,
            "name": "Lê Quang Hiếu"
        },
        {
            "id": "100086467345531",
            "count": 0,
            "name": "Shidou Itsuka"
        },
        {
            "id": "100086547782869",
            "count": 0,
            "name": "Thanh Nguyen"
        },
        {
            "id": "100080787324543",
            "count": 0,
            "name": "Gia Bảo"
        },
        {
            "id": "100068472158676",
            "count": 0,
            "name": "Nguyễn Khải"
        },
        {
            "id": "100088424862931",
            "count": 0,
            "name": "Nguyễn Tiến Khoa"
        },
        {
            "id": "100071067245279",
            "count": 0,
            "name": "Ran Mouri"
        },
        {
            "id": "100052541677301",
            "count": 0,
            "name": "Dawk Maiw"
        },
        {
            "id": "100088499923471",
            "count": 0,
            "name": "Lê Sỹ"
        },
        {
            "id": "100064549933068",
            "count": 0,
            "name": "Nguyễn Tempest"
        },
        {
            "id": "100079492153938",
            "count": 0,
            "name": "Huy Dương"
        },
        {
            "id": "100038824130649",
            "count": 0,
            "name": "Trương Đức Anh"
        },
        {
            "id": "100065512358688",
            "count": 0,
            "name": "CP Hồng"
        },
        {
            "id": "100078915374624",
            "count": 0,
            "name": "Redfield Claire"
        },
        {
            "id": "100009959682884",
            "count": 0,
            "name": "Nguyễn Ngọc"
        },
        {
            "id": "100010060030867",
            "count": 1,
            "name": "Đạt Đinh"
        },
        {
            "id": "100071998431832",
            "count": 0,
            "name": "Quốc Vương"
        },
        {
            "id": "100080610787451",
            "count": 0,
            "name": "Văn Phi Bảo"
        },
        {
            "id": "100078033099334",
            "count": 0,
            "name": "Nam Trần"
        },
        {
            "id": "100064476008070",
            "count": 0,
            "name": "Phạm Khánh"
        },
        {
            "id": "100039164073602",
            "count": 0,
            "name": "Nguyễn Thiên Vũ"
        },
        {
            "id": "100062342345666",
            "count": 0,
            "name": "Yasuo Danh Conan Isekai"
        },
        {
            "id": "100090165476907",
            "count": 0,
            "name": "Khoa Nguyen"
        },
        {
            "id": "100078631651310",
            "count": 0,
            "name": "Thành Trung"
        },
        {
            "id": "100064044015492",
            "count": 0,
            "name": "Phạm Cường"
        },
        {
            "id": "100009998175263",
            "count": 0,
            "name": "Yui Sento"
        },
        {
            "id": "100073794827571",
            "count": 0,
            "name": "Lê Phạm Minh Hoàng"
        },
        {
            "id": "100024354544276",
            "count": 0,
            "name": "Nguyễn Nguyên Hưng"
        },
        {
            "id": "100055462970268",
            "count": 0,
            "name": "Nah I'd Lose"
        },
        {
            "id": "100078782621616",
            "count": 0,
            "name": "Dh Hanqq"
        },
        {
            "id": "100066400122360",
            "count": 0,
            "name": "Haitani Azura"
        },
        {
            "id": "100063458439490",
            "count": 0,
            "name": "Yuuki Onii-Chan"
        },
        {
            "id": "100030816284999",
            "count": 0,
            "name": "Thang Dao"
        },
        {
            "id": "100066834351812",
            "count": 0,
            "name": "Natsumi Senseii"
        },
        {
            "id": "100040513301923",
            "count": 0,
            "name": "Mai Tran Gia Bao"
        },
        {
            "id": "100044464581357",
            "count": 0,
            "name": "Mạnh Nguyễn"
        },
        {
            "id": "100089019393228",
            "count": 0,
            "name": "Ng Sangg"
        },
        {
            "id": "100093126966658",
            "count": 0,
            "name": "Hajime Kokonoi"
        },
        {
            "id": "100064540915885",
            "count": 0,
            "name": "Thánh Xui Xẻo Yato"
        },
        {
            "id": "100093102145518",
            "count": 0,
            "name": "Spectre Bóng Ma"
        },
        {
            "id": "100053920211194",
            "count": 0,
            "name": "Đức Đức"
        },
        {
            "id": "100082103214275",
            "count": 0,
            "name": "Nguyễn Đức Huy"
        },
        {
            "id": "100077629761068",
            "count": 0,
            "name": "Loan Khúc"
        },
        {
            "id": "100003612369251",
            "count": 0,
            "name": "Phạm Đạt"
        },
        {
            "id": "100050406661293",
            "count": 0,
            "name": "Văn Hiếu"
        },
        {
            "id": "100084268239534",
            "count": 0,
            "name": "Hoang Duong"
        },
        {
            "id": "100088226233542",
            "count": 0,
            "name": "Tuấn Wibu"
        },
        {
            "id": "100054765354896",
            "count": 0,
            "name": "Thiên Đế"
        },
        {
            "id": "100041419251049",
            "count": 0,
            "name": "Trần Ngọc"
        },
        {
            "id": "100056239997396",
            "count": 0,
            "name": "Đông Quân"
        },
        {
            "id": "100089376120327",
            "count": 0,
            "name": "Huy Vương"
        },
        {
            "id": "100072646775359",
            "count": 0,
            "name": "Tin Hưu"
        },
        {
            "id": "100072753803132",
            "count": 0,
            "name": "Đặng Tuấn Tú"
        },
        {
            "id": "100084125157583",
            "count": 0,
            "name": "Tong HaLinh"
        },
        {
            "id": "100034568880983",
            "count": 0,
            "name": "Hoàng Thái Hậu"
        },
        {
            "id": "100094260491450",
            "count": 0,
            "name": "Sunn Dino"
        },
        {
            "id": "100085408931168",
            "count": 0,
            "name": "Cao Sinh Quân"
        },
        {
            "id": "100081982509461",
            "count": 0,
            "name": "Quynh Anhh"
        },
        {
            "id": "100084563933530",
            "count": 0,
            "name": "Atz Rin"
        },
        {
            "id": "100087221391569",
            "count": 0,
            "name": "Ánk Trangg"
        },
        {
            "id": "100083272284253",
            "count": 0,
            "name": "Nguyễn Văn Khoa"
        },
        {
            "id": "100063916344918",
            "count": 0,
            "name": "Thanh Phong"
        },
        {
            "id": "100086635975087",
            "count": 0,
            "name": "Phan Công"
        },
        {
            "id": "100087000400751",
            "count": 0,
            "name": "Quách Trần"
        },
        {
            "id": "61550095970737",
            "count": 0,
            "name": "Nhân Nguyễn"
        },
        {
            "id": "100054069962501",
            "count": 0,
            "name": "Shiina Mahiru"
        },
        {
            "id": "100081089199471",
            "count": 0,
            "name": "Meinoko Nonoka"
        },
        {
            "id": "100078194304851",
            "count": 0,
            "name": "Tiêu Huân Nhi"
        },
        {
            "id": "61550970719672",
            "count": 0,
            "name": "Oáp Oáp"
        },
        {
            "id": "100065445081435",
            "count": 0,
            "name": "Nguyễn Hoàng Minh"
        },
        {
            "id": "100072191686992",
            "count": 0,
            "name": "Khanhh Hkhanh"
        },
        {
            "id": "100081308743272",
            "count": 0,
            "name": "Bill Clinton ✔"
        },
        {
            "id": "100073807788740",
            "count": 0,
            "name": "Nhật Phàn"
        },
        {
            "id": "100074646805786",
            "count": 0,
            "name": "Gia Phong Mai"
        },
        {
            "id": "100076984981505",
            "count": 0,
            "name": "Vũ Diện"
        },
        {
            "id": "100002492037907",
            "count": 0,
            "name": "Nguyễn Thị Như Quỳnh"
        },
        {
            "id": "648220322",
            "count": 0,
            "name": "Người dùng facebook"
        },
        {
            "id": "571570240",
            "count": 0,
            "name": "Duy Tân"
        },
        {
            "id": "819377695",
            "count": 0,
            "name": "Duy Tân"
        },
        {
            "id": "100094974517027",
            "count": 0,
            "name": "Leone Dũng"
        },
        {
            "id": "61552298774656",
            "count": 0,
            "name": "Đặng Mỹ Dung"
        },
        {
            "id": "100094654925626",
            "count": 0,
            "name": "Oriz Myh"
        },
        {
            "id": "61555790350330",
            "count": 0,
            "name": "Văn Khả"
        },
        {
            "id": "61559704958437",
            "count": 0,
            "name": "Trần Nhi"
        },
        {
            "id": "100067988383354",
            "count": 0,
            "name": "Shimotsuki Nahara"
        },
        {
            "id": "61550597072317",
            "count": 0,
            "name": "Người dùng facebook"
        },
        {
            "id": "100093399152643",
            "count": 0,
            "name": "Thị DU Ánh"
        },
        {
            "id": "100091608741534",
            "count": 0,
            "name": "Hoàng Minh Toàn"
        },
        {
            "id": "100075160362601",
            "count": 2,
            "name": "Định Lê"
        },
        {
            "id": "100074837953362",
            "count": 3,
            "name": "Nguyễn Tiến Thành"
        }
    ],
    "day": [
        {
            "id": "100066042456664",
            "count": 28
        },
        {
            "id": "100053386657288",
            "count": 0
        },
        {
            "id": "100089255118991",
            "count": 0
        },
        {
            "id": "100089226031962",
            "count": 0
        },
        {
            "id": "100086467345531",
            "count": 0
        },
        {
            "id": "100086547782869",
            "count": 0
        },
        {
            "id": "100080787324543",
            "count": 0
        },
        {
            "id": "100068472158676",
            "count": 0
        },
        {
            "id": "100088424862931",
            "count": 1
        },
        {
            "id": "100071067245279",
            "count": 0
        },
        {
            "id": "100052541677301",
            "count": 0
        },
        {
            "id": "100088499923471",
            "count": 0
        },
        {
            "id": "100064549933068",
            "count": 0
        },
        {
            "id": "100079492153938",
            "count": 0
        },
        {
            "id": "100038824130649",
            "count": 0
        },
        {
            "id": "100065512358688",
            "count": 0
        },
        {
            "id": "100078915374624",
            "count": 0
        },
        {
            "id": "100009959682884",
            "count": 0
        },
        {
            "id": "100010060030867",
            "count": 1
        },
        {
            "id": "100071998431832",
            "count": 0
        },
        {
            "id": "100080610787451",
            "count": 0
        },
        {
            "id": "100078033099334",
            "count": 0
        },
        {
            "id": "100064476008070",
            "count": 11
        },
        {
            "id": "100039164073602",
            "count": 0
        },
        {
            "id": "100062342345666",
            "count": 0
        },
        {
            "id": "100090165476907",
            "count": 0
        },
        {
            "id": "100078631651310",
            "count": 0
        },
        {
            "id": "100064044015492",
            "count": 0
        },
        {
            "id": "100009998175263",
            "count": 0
        },
        {
            "id": "100073794827571",
            "count": 0
        },
        {
            "id": "100024354544276",
            "count": 0
        },
        {
            "id": "100055462970268",
            "count": 0
        },
        {
            "id": "100078782621616",
            "count": 0
        },
        {
            "id": "100066400122360",
            "count": 0
        },
        {
            "id": "100063458439490",
            "count": 0
        },
        {
            "id": "100030816284999",
            "count": 0
        },
        {
            "id": "100066834351812",
            "count": 0
        },
        {
            "id": "100040513301923",
            "count": 0
        },
        {
            "id": "100044464581357",
            "count": 0
        },
        {
            "id": "100089019393228",
            "count": 0
        },
        {
            "id": "100093126966658",
            "count": 0
        },
        {
            "id": "100064540915885",
            "count": 0
        },
        {
            "id": "100093102145518",
            "count": 0
        },
        {
            "id": "100053920211194",
            "count": 0
        },
        {
            "id": "100082103214275",
            "count": 0
        },
        {
            "id": "100077629761068",
            "count": 0
        },
        {
            "id": "100003612369251",
            "count": 0
        },
        {
            "id": "100050406661293",
            "count": 0
        },
        {
            "id": "100084268239534",
            "count": 0
        },
        {
            "id": "100088226233542",
            "count": 0
        },
        {
            "id": "100054765354896",
            "count": 0
        },
        {
            "id": "100041419251049",
            "count": 0
        },
        {
            "id": "100056239997396",
            "count": 0
        },
        {
            "id": "100089376120327",
            "count": 0
        },
        {
            "id": "100072646775359",
            "count": 0
        },
        {
            "id": "100072753803132",
            "count": 0
        },
        {
            "id": "100084125157583",
            "count": 0
        },
        {
            "id": "100034568880983",
            "count": 0
        },
        {
            "id": "100094260491450",
            "count": 0
        },
        {
            "id": "100085408931168",
            "count": 22
        },
        {
            "id": "100081982509461",
            "count": 0
        },
        {
            "id": "100084563933530",
            "count": 0
        },
        {
            "id": "100087221391569",
            "count": 0
        },
        {
            "id": "100083272284253",
            "count": 0
        },
        {
            "id": "100063916344918",
            "count": 0
        },
        {
            "id": "100086635975087",
            "count": 0
        },
        {
            "id": "100087000400751",
            "count": 0
        },
        {
            "id": "61550095970737",
            "count": 0
        },
        {
            "id": "100054069962501",
            "count": 0
        },
        {
            "id": "100081089199471",
            "count": 0
        },
        {
            "id": "100078194304851",
            "count": 0
        },
        {
            "id": "61550970719672",
            "count": 0
        },
        {
            "id": "100065445081435",
            "count": 0
        },
        {
            "id": "100072191686992",
            "count": 13
        },
        {
            "id": "100081308743272",
            "count": 0
        },
        {
            "id": "100073807788740",
            "count": 0
        },
        {
            "id": "100074646805786",
            "count": 0
        },
        {
            "id": "100076984981505",
            "count": 0
        },
        {
            "id": "100002492037907",
            "count": 0
        },
        {
            "id": "648220322",
            "count": 0
        },
        {
            "id": "571570240",
            "count": 0
        },
        {
            "id": "819377695",
            "count": 0
        },
        {
            "id": "100094974517027",
            "count": 0
        },
        {
            "id": "61552298774656",
            "count": 0
        },
        {
            "id": "100094654925626",
            "count": 0
        },
        {
            "id": "61555790350330",
            "count": 0
        },
        {
            "id": "61559704958437",
            "count": 0
        },
        {
            "id": "100067988383354",
            "count": 0
        },
        {
            "id": "61550597072317",
            "count": 0
        },
        {
            "id": "100093399152643",
            "count": 0
        },
        {
            "id": "100091608741534",
            "count": 0
        },
        {
            "id": "100075160362601",
            "count": 22
        },
        {
            "id": "100074837953362",
            "count": 3
        }
    ],
    "time": 1,
    "last": {
        "time": 0,
        "day": [
            {
                "id": "100066042456664",
                "count": 0
            },
            {
                "id": "100053386657288",
                "count": 0
            },
            {
                "id": "100089255118991",
                "count": 0
            },
            {
                "id": "100089226031962",
                "count": 0
            },
            {
                "id": "100086467345531",
                "count": 0
            },
            {
                "id": "100086547782869",
                "count": 0
            },
            {
                "id": "100080787324543",
                "count": 0
            },
            {
                "id": "100068472158676",
                "count": 0
            },
            {
                "id": "100088424862931",
                "count": 0
            },
            {
                "id": "100071067245279",
                "count": 0
            },
            {
                "id": "100052541677301",
                "count": 0
            },
            {
                "id": "100088499923471",
                "count": 0
            },
            {
                "id": "100064549933068",
                "count": 0
            },
            {
                "id": "100079492153938",
                "count": 0
            },
            {
                "id": "100038824130649",
                "count": 0
            },
            {
                "id": "100065512358688",
                "count": 0
            },
            {
                "id": "100078915374624",
                "count": 0
            },
            {
                "id": "100009959682884",
                "count": 0
            },
            {
                "id": "100010060030867",
                "count": 0
            },
            {
                "id": "100071998431832",
                "count": 0
            },
            {
                "id": "100080610787451",
                "count": 0
            },
            {
                "id": "100078033099334",
                "count": 0
            },
            {
                "id": "100064476008070",
                "count": 0
            },
            {
                "id": "100039164073602",
                "count": 0
            },
            {
                "id": "100062342345666",
                "count": 0
            },
            {
                "id": "100090165476907",
                "count": 0
            },
            {
                "id": "100078631651310",
                "count": 0
            },
            {
                "id": "100064044015492",
                "count": 0
            },
            {
                "id": "100009998175263",
                "count": 0
            },
            {
                "id": "100073794827571",
                "count": 0
            },
            {
                "id": "100024354544276",
                "count": 0
            },
            {
                "id": "100055462970268",
                "count": 0
            },
            {
                "id": "100078782621616",
                "count": 0
            },
            {
                "id": "100066400122360",
                "count": 0
            },
            {
                "id": "100063458439490",
                "count": 0
            },
            {
                "id": "100030816284999",
                "count": 0
            },
            {
                "id": "100066834351812",
                "count": 0
            },
            {
                "id": "100040513301923",
                "count": 0
            },
            {
                "id": "100044464581357",
                "count": 0
            },
            {
                "id": "100089019393228",
                "count": 0
            },
            {
                "id": "100093126966658",
                "count": 0
            },
            {
                "id": "100064540915885",
                "count": 0
            },
            {
                "id": "100093102145518",
                "count": 0
            },
            {
                "id": "100053920211194",
                "count": 0
            },
            {
                "id": "100082103214275",
                "count": 0
            },
            {
                "id": "100077629761068",
                "count": 0
            },
            {
                "id": "100003612369251",
                "count": 0
            },
            {
                "id": "100050406661293",
                "count": 0
            },
            {
                "id": "100084268239534",
                "count": 0
            },
            {
                "id": "100088226233542",
                "count": 0
            },
            {
                "id": "100054765354896",
                "count": 0
            },
            {
                "id": "100041419251049",
                "count": 0
            },
            {
                "id": "100056239997396",
                "count": 0
            },
            {
                "id": "100089376120327",
                "count": 0
            },
            {
                "id": "100072646775359",
                "count": 0
            },
            {
                "id": "100072753803132",
                "count": 0
            },
            {
                "id": "100084125157583",
                "count": 0
            },
            {
                "id": "100034568880983",
                "count": 0
            },
            {
                "id": "100094260491450",
                "count": 0
            },
            {
                "id": "100085408931168",
                "count": 0
            },
            {
                "id": "100081982509461",
                "count": 0
            },
            {
                "id": "100084563933530",
                "count": 0
            },
            {
                "id": "100087221391569",
                "count": 0
            },
            {
                "id": "100083272284253",
                "count": 0
            },
            {
                "id": "100063916344918",
                "count": 0
            },
            {
                "id": "100086635975087",
                "count": 0
            },
            {
                "id": "100087000400751",
                "count": 0
            },
            {
                "id": "61550095970737",
                "count": 0
            },
            {
                "id": "100054069962501",
                "count": 0
            },
            {
                "id": "100081089199471",
                "count": 0
            },
            {
                "id": "100078194304851",
                "count": 0
            },
            {
                "id": "61550970719672",
                "count": 0
            },
            {
                "id": "100065445081435",
                "count": 0
            },
            {
                "id": "100072191686992",
                "count": 0
            },
            {
                "id": "100081308743272",
                "count": 0
            },
            {
                "id": "100073807788740",
                "count": 0
            },
            {
                "id": "100074646805786",
                "count": 0
            },
            {
                "id": "100076984981505",
                "count": 0
            },
            {
                "id": "100002492037907",
                "count": 0
            },
            {
                "id": "648220322",
                "count": 0
            },
            {
                "id": "571570240",
                "count": 0
            },
            {
                "id": "819377695",
                "count": 0
            },
            {
                "id": "100094974517027",
                "count": 0
            },
            {
                "id": "61552298774656",
                "count": 0
            },
            {
                "id": "100094654925626",
                "count": 0
            },
            {
                "id": "61555790350330",
                "count": 0
            },
            {
                "id": "61559704958437",
                "count": 0
            },
            {
                "id": "100067988383354",
                "count": 0
            },
            {
                "id": "61550597072317",
                "count": 0
            },
            {
                "id": "100093399152643",
                "count": 0
            },
            {
                "id": "100091608741534",
                "count": 0
            },
            {
                "id": "100075160362601",
                "count": 0
            },
            {
                "id": "100074837953362",
                "count": 0
            },
            {
                "id": "61551638173411",
                "count": 0
            }
        ],
        "week": [
            {
                "id": "100066042456664",
                "count": 0
            },
            {
                "id": "100053386657288",
                "count": 0
            },
            {
                "id": "100089255118991",
                "count": 0
            },
            {
                "id": "100089226031962",
                "count": 0
            },
            {
                "id": "100086467345531",
                "count": 0
            },
            {
                "id": "100086547782869",
                "count": 0
            },
            {
                "id": "100080787324543",
                "count": 0
            },
            {
                "id": "100068472158676",
                "count": 0
            },
            {
                "id": "100088424862931",
                "count": 0
            },
            {
                "id": "100071067245279",
                "count": 0
            },
            {
                "id": "100052541677301",
                "count": 0
            },
            {
                "id": "100088499923471",
                "count": 0
            },
            {
                "id": "100064549933068",
                "count": 0
            },
            {
                "id": "100079492153938",
                "count": 0
            },
            {
                "id": "100038824130649",
                "count": 0
            },
            {
                "id": "100065512358688",
                "count": 0
            },
            {
                "id": "100078915374624",
                "count": 0
            },
            {
                "id": "100009959682884",
                "count": 0
            },
            {
                "id": "100010060030867",
                "count": 0
            },
            {
                "id": "100071998431832",
                "count": 0
            },
            {
                "id": "100080610787451",
                "count": 0
            },
            {
                "id": "100078033099334",
                "count": 0
            },
            {
                "id": "100064476008070",
                "count": 0
            },
            {
                "id": "100039164073602",
                "count": 0
            },
            {
                "id": "100062342345666",
                "count": 0
            },
            {
                "id": "100090165476907",
                "count": 0
            },
            {
                "id": "100078631651310",
                "count": 0
            },
            {
                "id": "100064044015492",
                "count": 0
            },
            {
                "id": "100009998175263",
                "count": 0
            },
            {
                "id": "100073794827571",
                "count": 0
            },
            {
                "id": "100024354544276",
                "count": 0
            },
            {
                "id": "100055462970268",
                "count": 0
            },
            {
                "id": "100078782621616",
                "count": 0
            },
            {
                "id": "100066400122360",
                "count": 0
            },
            {
                "id": "100063458439490",
                "count": 0
            },
            {
                "id": "100030816284999",
                "count": 0
            },
            {
                "id": "100066834351812",
                "count": 0
            },
            {
                "id": "100040513301923",
                "count": 0
            },
            {
                "id": "100044464581357",
                "count": 0
            },
            {
                "id": "100089019393228",
                "count": 0
            },
            {
                "id": "100093126966658",
                "count": 0
            },
            {
                "id": "100064540915885",
                "count": 0
            },
            {
                "id": "100093102145518",
                "count": 0
            },
            {
                "id": "100053920211194",
                "count": 0
            },
            {
                "id": "100082103214275",
                "count": 0
            },
            {
                "id": "100077629761068",
                "count": 0
            },
            {
                "id": "100003612369251",
                "count": 0
            },
            {
                "id": "100050406661293",
                "count": 0
            },
            {
                "id": "100084268239534",
                "count": 0
            },
            {
                "id": "100088226233542",
                "count": 0
            },
            {
                "id": "100054765354896",
                "count": 0
            },
            {
                "id": "100041419251049",
                "count": 0
            },
            {
                "id": "100056239997396",
                "count": 0
            },
            {
                "id": "100089376120327",
                "count": 0
            },
            {
                "id": "100072646775359",
                "count": 0
            },
            {
                "id": "100072753803132",
                "count": 0
            },
            {
                "id": "100084125157583",
                "count": 0
            },
            {
                "id": "100034568880983",
                "count": 0
            },
            {
                "id": "100094260491450",
                "count": 0
            },
            {
                "id": "100085408931168",
                "count": 0
            },
            {
                "id": "100081982509461",
                "count": 0
            },
            {
                "id": "100084563933530",
                "count": 0
            },
            {
                "id": "100087221391569",
                "count": 0
            },
            {
                "id": "100083272284253",
                "count": 0
            },
            {
                "id": "100063916344918",
                "count": 0
            },
            {
                "id": "100086635975087",
                "count": 0
            },
            {
                "id": "100087000400751",
                "count": 0
            },
            {
                "id": "61550095970737",
                "count": 0
            },
            {
                "id": "100054069962501",
                "count": 0
            },
            {
                "id": "100081089199471",
                "count": 0
            },
            {
                "id": "100078194304851",
                "count": 0
            },
            {
                "id": "61550970719672",
                "count": 0
            },
            {
                "id": "100065445081435",
                "count": 0
            },
            {
                "id": "100072191686992",
                "count": 0
            },
            {
                "id": "100081308743272",
                "count": 0
            },
            {
                "id": "100073807788740",
                "count": 0
            },
            {
                "id": "100074646805786",
                "count": 0
            },
            {
                "id": "100076984981505",
                "count": 0
            },
            {
                "id": "100002492037907",
                "count": 0
            },
            {
                "id": "648220322",
                "count": 0
            },
            {
                "id": "571570240",
                "count": 0
            },
            {
                "id": "819377695",
                "count": 0
            },
            {
                "id": "100094974517027",
                "count": 0
            },
            {
                "id": "61552298774656",
                "count": 0
            },
            {
                "id": "100094654925626",
                "count": 0
            },
            {
                "id": "61555790350330",
                "count": 0
            },
            {
                "id": "61559704958437",
                "count": 0
            },
            {
                "id": "100067988383354",
                "count": 0
            },
            {
                "id": "61550597072317",
                "count": 0
            },
            {
                "id": "100093399152643",
                "count": 0
            },
            {
                "id": "100091608741534",
                "count": 0
            },
            {
                "id": "100075160362601",
                "count": 0
            },
            {
                "id": "100074837953362",
                "count": 0
            },
            {
                "id": "61551638173411",
                "count": 0
            }
        ]
    },
    "100066042456664": 28,
    "61551638173411": 4,
    "100064476008070": 12,
    "100085408931168": 22,
    "100075160362601": 23,
    "100072191686992": 13,
    "100088424862931": 1,
    "100074837953362": 3,
    "100010060030867": 1
}