{
    "total": [
        {
            "id": "100081308743272",
            "count": 0
        },
        {
            "id": "571570240",
            "count": 0
        },
        {
            "id": "819377695",
            "count": 0
        },
        {
            "id": "589579718",
            "count": 0
        },
        {
            "id": "100090421926137",
            "count": 0
        },
        {
            "id": "1394688364",
            "count": 0
        },
        {
            "id": "100082329843728",
            "count": 0
        },
        {
            "id": "100068009795358",
            "count": 0
        },
        {
            "id": "61554118325543",
            "count": 0
        },
        {
            "id": "100070380617746",
            "count": 0
        },
        {
            "id": "100057357454928",
            "count": 3
        }
    ],
    "week": [
        {
            "id": "100081308743272",
            "count": 0,
            "name": "Bill Clinton ✔"
        },
        {
            "id": "571570240",
            "count": 0,
            "name": "Duy Tân"
        },
        {
            "id": "819377695",
            "count": 0,
            "name": "Duy Tân"
        },
        {
            "id": "589579718",
            "count": 0,
            "name": "Duyy Tann"
        },
        {
            "id": "100090421926137",
            "count": 0,
            "name": "Người dùng facebook"
        },
        {
            "id": "1394688364",
            "count": 0,
            "name": "️️️️️️️️️️️️️️️️️️️️️️️️️️️️️️️️️️️️️️️️️️️️️️️️️️️️️️️️️️️️️️️️️️️️️️️️️️️️️️️️️️️️️️️️️️️️️️️️️️️️️️️️️️️️️️️️️️️️️️️️️️️️️️️️️️️️️️️️️️️️️️️️️️️️️️️️️️️️️️️️️️️️️️️️️️ "
        },
        {
            "id": "100082329843728",
            "count": 0,
            "name": "Lê Thị Như Ý"
        },
        {
            "id": "100068009795358",
            "count": 0,
            "name": "Hoàng Duy Tân"
        },
        {
            "id": "61554118325543",
            "count": 0,
            "name": "Nguyễn Trung Huy"
        },
        {
            "id": "100070380617746",
            "count": 0,
            "name": "Nguyễn Ng Thanh Sang"
        },
        {
            "id": "100057357454928",
            "count": 0,
            "name": "Linh Chi Hoàng"
        }
    ],
    "day": [
        {
            "id": "100081308743272",
            "count": 0
        },
        {
            "id": "571570240",
            "count": 0
        },
        {
            "id": "819377695",
            "count": 0
        },
        {
            "id": "589579718",
            "count": 0
        },
        {
            "id": "100090421926137",
            "count": 0
        },
        {
            "id": "1394688364",
            "count": 0
        },
        {
            "id": "100082329843728",
            "count": 0
        },
        {
            "id": "100068009795358",
            "count": 0
        },
        {
            "id": "61554118325543",
            "count": 0
        },
        {
            "id": "100070380617746",
            "count": 0
        },
        {
            "id": "100057357454928",
            "count": 3
        }
    ],
    "time": 1,
    "last": {
        "time": 0,
        "day": [
            {
                "id": "100081308743272",
                "count": 0
            },
            {
                "id": "571570240",
                "count": 0
            },
            {
                "id": "819377695",
                "count": 0
            },
            {
                "id": "589579718",
                "count": 0
            },
            {
                "id": "100090421926137",
                "count": 0
            },
            {
                "id": "1394688364",
                "count": 0
            },
            {
                "id": "100082329843728",
                "count": 0
            },
            {
                "id": "100068009795358",
                "count": 0
            },
            {
                "id": "61554118325543",
                "count": 0
            },
            {
                "id": "100070380617746",
                "count": 0
            },
            {
                "id": "100057357454928",
                "count": 0
            }
        ],
        "week": [
            {
                "id": "100081308743272",
                "count": 0
            },
            {
                "id": "571570240",
                "count": 0
            },
            {
                "id": "819377695",
                "count": 0
            },
            {
                "id": "589579718",
                "count": 0
            },
            {
                "id": "100090421926137",
                "count": 0
            },
            {
                "id": "1394688364",
                "count": 0
            },
            {
                "id": "100082329843728",
                "count": 0
            },
            {
                "id": "100068009795358",
                "count": 0
            },
            {
                "id": "61554118325543",
                "count": 0
            },
            {
                "id": "100070380617746",
                "count": 0
            },
            {
                "id": "100057357454928",
                "count": 0
            }
        ]
    },
    "100057357454928": 2
}