{
    "total": [
        {
            "id": "100069864945865",
            "count": 4
        },
        {
            "id": "100094648899639",
            "count": 0
        },
        {
            "id": "100081308743272",
            "count": 1
        }
    ],
    "week": [
        {
            "id": "100069864945865",
            "count": 4,
            "name": "Đặng Văn Lịnh"
        },
        {
            "id": "100094648899639",
            "count": 0,
            "name": "✨✨✨✨✨✨✨✨✨ 🌙🌙🕋🕋✨🕋🕋🌙🌙 🌙🕋🕌🕌🕋🕌🕌🕋🌙 🕋🕌✨✨👱‍♀️✨✨🕌🕋 🕋🕌❦⭐🄱🄰🄾⭐❦🕌🕋 🕋🕌❦⭐🄳🅄🅈⭐❦🕌🕋 ⚜️🕋🕌✨👱✨🕌🕋⚜️ ⚜️⚜️🕋🕌✨🕌🕋⚜️⚜️ ⚜️⚜️⚜️🕋🕌🕋⚜️⚜️⚜️ ✨✨✨✨✨✨✨✨✨ۦۦ"
        },
        {
            "id": "100081308743272",
            "count": 0,
            "name": "Bill Clinton ✔"
        }
    ],
    "day": [
        {
            "id": "100069864945865",
            "count": 4,
            "name": "Đặng Văn Lịnh"
        },
        {
            "id": "100094648899639",
            "count": 0,
            "name": "✨✨✨✨✨✨✨✨✨ 🌙🌙🕋🕋✨🕋🕋🌙🌙 🌙🕋🕌🕌🕋🕌🕌🕋🌙 🕋🕌✨✨👱‍♀️✨✨🕌🕋 🕋🕌❦⭐🄱🄰🄾⭐❦🕌🕋 🕋🕌❦⭐🄳🅄🅈⭐❦🕌🕋 ⚜️🕋🕌✨👱✨🕌🕋⚜️ ⚜️⚜️🕋🕌✨🕌🕋⚜️⚜️ ⚜️⚜️⚜️🕋🕌🕋⚜️⚜️⚜️ ✨✨✨✨✨✨✨✨✨ۦۦ"
        },
        {
            "id": "100081308743272",
            "count": 0,
            "name": "Bill Clinton ✔"
        }
    ],
    "time": 1,
    "last": {
        "time": 0,
        "day": [
            {
                "id": "100069864945865",
                "count": 0
            },
            {
                "id": "100094648899639",
                "count": 0
            },
            {
                "id": "100081308743272",
                "count": 0
            }
        ],
        "week": [
            {
                "id": "100069864945865",
                "count": 0
            },
            {
                "id": "100094648899639",
                "count": 0
            },
            {
                "id": "100081308743272",
                "count": 0
            }
        ]
    },
    "100081308743272": 1,
    "100069864945865": 3
}