[
    {
        "id": "6878534095548019",
        "status": true,
        "imageURL": "https://scontent-iad3-2.xx.fbcdn.net/v/t1.15752-9/428009104_1495371274361662_2821036852512790492_n.jpg?_nc_cat=111&ccb=1-7&_nc_sid=a695e8&_nc_ohc=UxeKgNRijx0AX_SpE8k&_nc_ht=scontent-iad3-2.xx&oh=03_AdQAhQyqgR6WrLKGtqTzG9hnU2HWYPhOtZLWjdKE6ESG2Q&oe=66066A34"
    },
    {
        "id": "7190273241051782",
        "status": true,
        "imageURL": "https://scontent-iad3-1.xx.fbcdn.net/v/t1.15752-9/386468152_281175634829480_5749657953001456197_n.jpg?_nc_cat=108&ccb=1-7&_nc_sid=a695e8&_nc_ohc=LedFiuJvvaYAX_ZgASv&_nc_ht=scontent-iad3-1.xx&cb_e2o_trans=q&oh=03_AdRPYwYAWBbVbxNSgeLztabqkoi5QTUBm12_Me3WRTH7Lw&oe=66021C9D"
    }
]
