{
    "uuid": "3099a241-69a7-4721-a88c-6de55c3d384d",
    "uid": "100068009795358",
    "level": 0,
    "exp": 0,
    "gold": 10000000,
    "stamina": {
        "remaining": 100,
        "max": 100
    },
    "location": {
        "id": 0
    },
    "spin": {
        "remaining": 50,
        "max": 50,
        "last_update": 1713946332631
    },
    "lands": {
        "crops": [
            [
                [
                    null,
                    null,
                    null,
                    null,
                    null
                ],
                [
                    null,
                    null,
                    null,
                    null,
                    null
                ],
                [
                    null,
                    null,
                    null,
                    null,
                    null
                ],
                [
                    null,
                    null,
                    null,
                    null,
                    null
                ]
            ],
            [
                [
                    null,
                    null,
                    null,
                    null,
                    null
                ],
                [
                    null,
                    null,
                    null,
                    null,
                    null
                ],
                [
                    null,
                    null,
                    null,
                    null,
                    null
                ],
                [
                    null,
                    null,
                    null,
                    null,
                    null
                ]
            ]
        ]
    },
    "bag": [
        [
            null,
            null,
            null,
            null,
            null,
            null,
            null,
            null,
            null,
            null,
            null,
            null
        ],
        [
            null,
            null,
            null,
            null,
            null,
            null,
            null,
            null,
            null,
            null,
            null,
            null
        ],
        [
            null,
            null,
            null,
            null,
            null,
            null,
            null,
            null,
            null,
            null,
            null,
            null
        ]
    ],
    "chest": [
        [
            null,
            null,
            null,
            null,
            null,
            null,
            null,
            null,
            null,
            null,
            null,
            null
        ],
        [
            null,
            null,
            null,
            null,
            null,
            null,
            null,
            null,
            null,
            null,
            null,
            null
        ],
        [
            null,
            null,
            null,
            null,
            null,
            null,
            null,
            null,
            null,
            null,
            null,
            null
        ]
    ],
    "timestamp": 1713928131268
}